name,pChEMBL Value,ALogP,ALogP_MR,ES_Count_aaaC,ES_Count_aaCH,ES_Count_aaN,ES_Count_aaNH,ES_Count_aaO,ES_Count_aasC,ES_Count_aasN,ES_Count_dCH2,ES_Count_ddC,ES_Count_ddsN,ES_Count_dNH,ES_Count_dO,ES_Count_dsCH,ES_Count_dsN,ES_Count_dssC,ES_Count_sCH3,ES_Count_sNH2,ES_Count_sNH3,ES_Count_sOH,ES_Count_ssCH2,ES_Count_ssNH,ES_Count_ssNH2,ES_Count_ssO,ES_Count_sssCH,ES_Count_sssN,ES_Count_sssNH,ES_Count_ssssC,ES_Count_ssssN,ES_Count_tCH,ES_Count_tN,ES_Count_tsC,ES_Sum_aaaC,ES_Sum_aaCH,ES_Sum_aaN,ES_Sum_aaNH,ES_Sum_aaO,ES_Sum_aasC,ES_Sum_aasN,ES_Sum_dCH2,ES_Sum_ddC,ES_Sum_ddsN,ES_Sum_dNH,ES_Sum_dO,ES_Sum_dsCH,ES_Sum_dsN,ES_Sum_dssC,ES_Sum_sCH3,ES_Sum_sNH2,ES_Sum_sNH3,ES_Sum_sOH,ES_Sum_ssCH2,ES_Sum_ssNH,ES_Sum_ssNH2,ES_Sum_ssO,ES_Sum_sssCH,ES_Sum_sssN,ES_Sum_sssNH,ES_Sum_ssssC,ES_Sum_ssssN,ES_Sum_sssssP,ES_Sum_tCH,ES_Sum_tN,ES_Sum_tsC,IsChiral,LogD,Molecular_Mass,Molecular_Solubility,Molecular_Weight,HBA_Count,HBD_Count,NPlusO_Count,Num_AromaticBonds,Num_AromaticRings,Num_AtomClasses,Num_Atoms,Num_Bonds,Num_BridgeBonds,Num_BridgeHeadAtoms,Num_ChainAssemblies,Num_Chains,Num_ExplicitAtoms,Num_ExplicitBonds,Num_ExplicitHydrogens,Num_Fragments,Num_H_Acceptors,Num_H_Acceptors_Lipinski,Num_H_Donors,Num_H_Donors_Lipinski,Num_Hydrogens,Num_Macro_Chains,Num_Macro_Residues,Num_MesoStereoAtoms,Num_MetalAtoms,Num_NegativeAtoms,Num_PiBonds,Num_PositiveAtoms,Num_PseudoStereoAtoms,Num_RepeatUnits,Num_RingAssemblies,Num_RingBonds,Num_Rings,Num_Rings3,Num_Rings4,Num_Rings5,Num_Rings6,Num_Rings7,Num_Rings8,Num_Rings9Plus,Num_RotatableBonds,Organic_Count,Molecular_FractionalPolarSASA,Molecular_FractionalPolarSurfaceArea,Molecular_PolarSASA,Molecular_PolarSurfaceArea,Molecular_SASA,Molecular_SAVol,Molecular_SurfaceArea,BIC,CHI_0,CHI_1,CHI_2,CHI_3_C,CHI_3_CH,CHI_3_P,CHI_V_0,CHI_V_1,CHI_V_2,CHI_V_3_C,CHI_V_3_CH,CHI_V_3_P,CIC,E_ADJ_equ,E_ADJ_mag,IAC_Mean,IAC_Total,IC,JX,JY,Kappa_1,Kappa_1_AM,Kappa_2,Kappa_2_AM,Kappa_3,Kappa_3_AM,PHI,SC_0,SC_1,SC_2,SC_3_C,SC_3_CH,SC_3_P,SIC,V_ADJ_equ,V_ADJ_mag,Zagreb,Dipole_mag,Dipole_X,Dipole_Y,Dipole_Z,Jurs_DPSA_1,Jurs_DPSA_3,Jurs_FNSA_1,Jurs_FNSA_2,Jurs_FNSA_3,Jurs_FPSA_1,Jurs_FPSA_2,Jurs_FPSA_3,Jurs_PNSA_1,Jurs_PNSA_2,Jurs_PNSA_3,Jurs_PPSA_1,Jurs_PPSA_3,Jurs_RASA,Jurs_RNCG,Jurs_RNCS,Jurs_RPCG,Jurs_RPCS,Jurs_RPSA,Jurs_SASA,Jurs_TASA,Jurs_TPSA,Jurs_WNSA_1,Jurs_WNSA_2,Jurs_WNSA_3,Jurs_WPSA_1,Jurs_WPSA_3,Energy,Minimized_Energy,RadOfGyration,Strain_Energy,PMI_X,Shadow_nu,Shadow_Xlength,Shadow_XY,Shadow_XYfrac,Shadow_XZ,Shadow_XZfrac,Shadow_Ylength,Shadow_YZ,Shadow_YZfrac,Shadow_Zlength,Molecular_Volume
CHEMBL3733323,6.99,3.206,99.188,2,2,2,0,0,4,0,0,0,0,0,0,0,0,0,2,0,0,1,5,2,0,1,0,0,0,0,0,0,0,2,1.428,3.582,9.201,0,0,2.605,0,0,0,0,0,0,0,0,0,4.012,0,0,8.654,1.993,6.401,0,5.112,0,0,0,0,0,0,0,0,5.832,0,3.015,348.135,-5.252,348.827,3,3,6,11,2,24,24,25,0,0,4,4,24,25,0,1,6,6,3,3,21,0,0,0,0,0,0,0,0,0,1,11,2,0,0,0,2,0,0,0,9,24,0.197,0.213,116.81,79.3,590.111,524.18,370.97,0.67841,17.3636,11.6894,9.50073,1.06903,0,7.6265,14.574,8.23452,5.28741,0.47673,0,3.38711,1.17769,297.848,384,1.67573,75.4078,3.40726,2.26007,2.37291,20.3136,18.2713,10.8711,9.28047,6.0464,4.96131,7.06525,24,25,32,6,0,41,0.74313,245.213,282.193,114,4.93924,-0.93837,4.84928,0.00075,-352.688,73.192,0.77059,-1.63166,-0.09222,0.2294,0.18825,0.02009,502.193,-1063.35,-60.096,149.505,13.096,0.79839,0.18603,10.3654,0.17472,1.73024,0.2016,651.697,520.31,131.387,327.278,-692.98,-39.1644,97.4318,8.53462,144.73,4.44,4.06641,140.29,250.078,6.24395,21.8538,110.188,0.40821,64.1267,0.83838,12.3516,35.4057,0.81899,3.5,290.86
CHEMBL3733318,7.01,3.246,80.09,2,2,2,0,0,4,0,0,0,1,0,2,0,0,0,2,0,0,0,2,2,0,0,0,0,0,0,0,0,0,0,0.941,2.791,8.77,0,0,1.049,0,0,0,-0.534,0,21.78,0,0,0,3.885,0,0,0,1.368,6.174,0,0,0,0,0,0,0,0,0,0,0,0,2.791,295.084,-4.156,295.725,2,2,7,11,2,20,20,21,0,0,4,5,20,21,0,1,6,7,2,2,14,0,0,0,0,1,0,1,0,0,1,11,2,0,0,0,2,0,0,0,5,20,0.31,0.318,148.258,95.66,477.148,431.052,300.13,0.69476,14.6983,9.56207,8.44563,1.37178,0,6.69991,11.8609,6.57614,4.43812,0.50638,0,2.92069,0.99999,247.661,339.763,1.85416,63.0416,3.32192,2.50484,2.66781,16.3719,14.4198,7.31985,5.97637,3.8144,2.96699,4.30889,20,21,29,7,0,38,0.76862,193.859,226.477,100,8.83805,8.83615,0.18321,-0.00052,-346.611,66.7382,0.86308,-1.77999,-0.12413,0.13691,0.18477,0.01569,411.964,-849.618,-59.2485,65.353,7.48966,0.72638,0.20862,8.0024,0.42426,1.39192,0.27361,477.317,346.714,130.603,196.637,-405.537,-28.2803,31.1941,3.57494,34.62,-2.54,2.74209,37.16,148.793,3.7565,13.1478,81.0511,0.61021,37.6504,0.81818,10.1023,28.5792,0.80827,3.5,215.06
CHEMBL3733228,5.7,2.738,98.595,2,6,3,0,0,5,0,0,0,0,0,0,0,0,0,3,0,0,0,2,2,0,2,0,0,0,0,0,0,0,0,1.471,11.115,13.412,0,0,3.769,0,0,0,0,0,0,0,0,0,5.228,0,0,0,1.38,6.586,0,10.7,0,0,0,0,0,0,0,0,0,0,2.739,339.17,-4.512,339.392,5,2,7,17,3,23,25,27,0,0,4,4,25,27,0,1,7,7,2,2,21,0,0,0,0,0,0,0,0,0,2,17,3,0,0,0,3,0,0,0,7,25,0.176,0.221,101.564,81.19,576.688,506.251,366.25,0.62008,17.6481,12.245,10.1898,1.20412,0,8.80066,14.5365,8.05205,5.35607,0.4766,0,3.72308,1.45058,339.036,444.235,1.5908,73.1769,3.19326,1.8992,2.00697,19.7531,17.066,9.79629,7.8683,5.04166,3.83756,5.37122,25,27,36,7,0,48,0.68763,265.211,310.764,126,5.65285,5.33248,1.876,0.00024,-22.2278,47.3289,0.51986,-1.10294,-0.06145,0.48013,0.40999,0.02316,290.805,-616.959,-34.3704,268.577,12.9584,0.82382,0.16331,2.86975,0.16828,1.34128,0.17617,559.382,460.832,98.5501,162.671,-345.116,-19.2262,150.237,7.24871,44.8,-4.17,3.32006,48.97,212.308,4.73386,16.1094,99.3823,0.4978,45.8716,0.83676,12.3927,34.9927,0.82974,3.403,267.53
CHEMBL3733215,6.18,3.697,97.406,2,2,2,0,0,4,0,0,0,0,0,0,0,0,0,1,0,0,2,5,1,0,0,0,0,0,0,0,0,0,4,1.29,3.486,9.07,0,0,2.237,0,0,0,0,0,0,0,0,0,1.962,0,0,17.649,1.475,3.14,0,0,0,0,0,0,0,0,0,0,11.551,0,3.807,343.109,-6.081,343.807,2,3,5,11,2,24,24,25,0,0,4,4,24,25,0,1,5,5,3,3,18,0,0,0,0,0,0,0,0,0,1,11,2,0,0,0,2,0,0,0,8,24,0.225,0.217,131.193,78.27,580.553,518.49,360.07,0.65066,17.3636,11.6894,9.50073,1.06903,0,7.6455,14.113,8.01629,5.22988,0.47673,0,3.31343,1.26102,297.848,384,1.65726,69.6051,3.32393,2.44421,2.53674,20.3136,18.0348,10.8711,9.09979,6.0464,4.84064,6.83804,24,25,32,6,0,41,0.72496,245.213,282.193,114,1.5274,0.55672,1.42233,0.00102,-272.866,83.0278,0.7083,-1.41157,-0.10998,0.29169,0.21939,0.01678,463.914,-924.517,-72.0319,191.047,10.996,0.75713,0.19836,11.0949,0.19986,1.78612,0.24286,654.961,495.892,159.068,303.845,-605.522,-47.178,125.128,7.20193,174.93,41.31,4.03989,133.62,224.46,6.33265,22.1643,110.117,0.41801,64.6847,0.83383,11.8851,33.8176,0.81296,3.5,286.74
CHEMBL3733193,5.34,4.771,102.659,4,8,3,0,0,5,0,0,0,0,0,0,0,0,0,2,0,0,0,1,1,0,1,0,0,0,0,0,0,0,0,3.435,15.469,14.075,0,0,3.449,0,0,0,0,0,0,0,0,0,3.608,0,0,0,0.735,3.291,0,5.285,0,0,0,0,0,0,0,0,0,0,4.78,364.109,-6.842,364.828,4,1,5,22,4,26,26,29,0,0,4,4,26,29,0,1,5,5,1,1,17,0,0,0,0,0,0,0,0,0,2,22,4,0,0,0,4,0,0,0,4,26,0.14,0.165,80.4463,59.93,570.573,515.373,361.04,0.66377,18.0956,12.6902,11.1989,1.53845,0,9.90693,15.2097,8.71428,6.25051,0.6947,0,4.44131,1.16786,387.726,521.319,1.61404,69.4039,3.53257,1.88485,1.96007,19.3222,16.6947,8.56632,6.86132,4.07756,3.1037,4.40567,26,29,41,9,0,57,0.75154,285.467,339.763,140,5.12693,5.12599,0.09815,0.00025,-256.335,41.1077,0.73301,-1.28386,-0.05969,0.26698,0.20508,0.01505,403.183,-706.162,-32.8261,146.848,8.28168,0.89121,0.19849,3.02009,0.17278,1.46065,0.10878,550.031,490.198,59.8333,221.763,-388.411,-18.0554,80.7709,4.55518,55.01,-3.45,3.52427,58.46,188.412,4.62958,16.2036,102.074,0.60834,47.4909,0.83739,10.355,29.3503,0.80982,3.5,272.34
CHEMBL3733024,6.91,4.036,97.317,2,2,2,0,0,4,0,0,0,0,0,0,0,0,0,3,0,0,1,3,2,0,0,1,0,0,0,0,0,0,2,1.446,3.6,9.201,0,0,2.647,0,0,0,0,0,0,0,0,0,5.721,0,0,9.274,1.921,6.405,0,0,-0.455,0,0,0,0,0,0,0,5.899,0,3.845,332.14,-5.753,332.828,2,3,5,11,2,23,23,24,0,0,4,5,23,24,0,1,5,5,3,3,21,0,0,0,0,0,0,0,0,0,1,11,2,0,0,0,2,0,0,0,7,23,0.196,0.196,110.779,70.07,563.729,500.812,356.32,0.73413,16.8196,11.0452,9.62259,1.47728,0,7.30442,14.3289,8.08474,5.56437,0.6593,0,3.37472,0.86956,289.877,384,1.60203,70.4895,3.65399,2.39478,2.49404,19.3264,17.3258,9.4746,8.0009,5.5,4.47293,6.02706,23,24,32,7,0,40,0.80776,232.192,268.078,112,3.4681,-2.81588,2.0244,-0.01899,-439.654,59.8885,0.85828,-1.55846,-0.08733,0.14171,0.09527,0.01028,526.603,-956.197,-53.5787,86.9494,6.3098,0.8225,0.21608,11.6227,0.21326,2.11189,0.17749,613.553,504.648,108.904,323.099,-586.677,-32.8734,53.3481,3.87139,160.98,11.01,3.63004,149.97,179.911,5.47959,19.1786,104.861,0.51311,56.0929,0.83564,10.6557,30.235,0.81069,3.5,280.57
CHEMBL3732983,7.12,3.029,82.425,2,4,3,1,0,5,0,0,0,0,0,0,0,0,0,2,0,0,0,1,1,0,1,0,0,0,0,0,0,0,0,1.428,7.024,13.222,2.783,0,3.396,0,0,0,0,0,0,0,0,0,3.582,0,0,0,0.745,3.219,0,5.22,0,0,0,0,0,0,0,0,0,0,3.026,303.089,-4.147,303.747,4,2,6,16,3,21,21,23,0,0,4,4,21,23,0,1,5,6,2,2,14,0,0,0,0,0,0,0,0,0,2,16,3,0,0,1,2,0,0,0,4,21,0.205,0.249,101.767,75.72,495.827,446.997,303.89,0.71357,14.8196,10.2239,8.86572,1.20511,0,7.72652,12.4003,6.88693,4.82079,0.54682,0,3.34905,0.85714,281.523,384,1.75169,61.3093,3.53517,2.14593,2.26491,15.879,13.7871,7.05078,5.66949,3.3471,2.55007,3.72219,21,23,32,7,0,44,0.80485,212.785,254.084,110,4.23892,4.23889,-0.01428,0.00062,-146.438,42.0258,0.6537,-1.07135,-0.06973,0.34629,0.25523,0.01849,311.4,-510.348,-33.2159,164.962,8.80989,0.85052,0.21213,3.22755,0.18013,1.43574,0.14947,476.362,405.156,71.2066,148.339,-243.111,-15.8228,78.5819,4.1967,55.89,14.32,2.83872,41.57,157.761,3.67962,12.8787,83.5172,0.65353,36.985,0.82051,9.92277,28.0153,0.80666,3.5,222.6
CHEMBL3732943,5.7,4.695,101.688,2,2,2,0,0,4,0,0,0,0,0,0,0,0,0,3,0,0,1,4,2,0,0,1,0,0,0,0,0,0,2,1.42,3.572,9.215,0,0,2.568,0,0,0,0,0,0,0,0,0,6.025,0,0,9.761,3.035,6.41,0,0,-0.638,0,0,0,0,0,0,0,5.766,0,4.494,346.156,-6.19,346.854,2,3,5,11,2,24,24,25,0,0,4,5,24,25,0,1,5,5,3,3,23,0,0,0,0,0,0,0,0,0,1,11,2,0,0,0,2,0,0,0,8,24,0.188,0.187,110.779,70.07,588.509,521.323,373.52,0.71786,17.5267,11.5832,9.76903,1.35771,0,7.75976,15.036,8.64962,5.78325,0.56802,0,3.68975,0.97957,304.062,398.93,1.57372,73.9651,3.60538,2.3801,2.47703,20.3136,18.3107,10.2222,8.7191,5.7619,4.73538,6.6522,24,25,33,7,0,42,0.78635,245.213,282.193,116,3.39086,-2.53596,2.25098,-0.00146,-542.843,59.6745,0.91751,-1.71391,-0.08314,0.08248,0.0569,0.00866,596.462,-1114.18,-54.0414,53.6188,5.63312,0.84534,0.20359,9.33677,0.20783,2.0581,0.15465,650.081,549.543,100.538,387.748,-724.307,-35.1313,34.8566,3.66198,158.43,0.39,3.80261,158.04,234.198,5.79262,20.2742,110.506,0.46676,59.9061,0.84422,11.6773,33.5585,0.82109,3.5,296.35
CHEMBL3732931,6.25,2.944,89.909,2,2,2,0,0,4,0,0,0,0,0,1,0,0,1,2,1,0,0,2,2,0,0,0,0,0,0,0,0,0,2,1.28,3.363,9.053,0,0,2.215,0,0,0,0,0,10.762,0,0,-0.711,3.962,5.017,0,0,1.453,6.316,0,0,0,0,0,0,0,0,0,0,4.902,0,2.743,317.104,-5.228,317.773,3,3,6,11,2,22,22,23,0,0,4,5,22,23,0,1,5,6,3,4,16,0,0,0,0,0,0,0,0,0,1,11,2,0,0,0,2,0,0,0,6,22,0.292,0.281,154.648,92.93,529.58,474.755,330.61,0.69504,16.1125,10.5452,9.26903,1.47728,0,7.06283,13.0828,7.23019,4.8237,0.53566,0,3.07456,1,275.749,369.16,1.716,65.2082,3.45943,2.49127,2.60665,18.3403,15.8611,8.74089,6.96153,4.99671,3.78381,5.01897,22,23,31,7,0,39,0.77575,219.289,254.084,108,4.70648,4.7034,-0.17018,-0.00038,-475.108,67.4109,0.90725,-1.69054,-0.103,0.09274,0.07984,0.01257,529.21,-986.11,-60.0776,54.1019,7.33336,0.70438,0.17079,9.75016,0.33136,3.20135,0.29561,583.312,410.875,172.436,308.694,-575.209,-35.044,31.5583,4.27763,146.86,0.78,3.53489,146.08,193.515,5.08078,17.7827,97.9474,0.51685,51.944,0.83458,10.6568,30.1613,0.80864,3.5,253.47
CHEMBL3732863,6.26,5.377,126.827,2,11,2,0,0,7,0,0,0,0,0,1,0,0,1,2,0,0,0,2,2,0,1,0,0,0,0,0,0,0,0,1.314,20.662,9.526,0,0,4.667,0,0,0,0,0,12.745,0,0,-0.151,3.555,0,0,0,1.136,6.227,0,5.3,0,0,0,0,0,0,0,0,0,0,5.377,446.151,-7.938,446.929,4,2,6,23,4,30,32,35,0,0,5,6,32,35,0,1,5,6,2,2,23,0,0,0,0,0,0,0,0,0,3,23,4,0,0,0,4,0,0,0,7,32,0.156,0.169,108.147,76.14,689.57,618.895,448.95,0.69147,22.5014,15.584,13.5666,1.81161,0,11.6418,18.6099,10.6824,7.58289,0.79904,0,5.27148,1.14859,485.59,632.156,1.59702,87.8364,3.8514,1.63141,1.6939,25.1037,21.7407,12.1094,9.76529,6.37207,4.90038,6.63451,32,35,48,10,0,64,0.77028,368.406,429.05,166,10.9935,10.933,-1.15174,-0.00036,-385.772,53.6296,0.78509,-1.85155,-0.06486,0.2149,0.20578,0.01441,531.171,-1252.7,-43.8761,145.399,9.7535,0.88305,0.14743,2.30636,0.25398,2.02432,0.11694,676.57,597.451,79.1187,359.374,-847.539,-29.6853,98.3724,6.59892,60.14,-4.26,4.7768,64.4,193.799,5.9844,20.9454,128.11,0.57897,62.0605,0.84656,10.5641,30.0757,0.81341,3.5,336.13
CHEMBL3732837,5,2.403,76.207,2,2,2,0,0,4,0,0,0,0,0,0,0,0,0,2,2,0,0,2,0,0,0,0,1,0,0,0,0,0,0,1.357,3.401,8.846,0,0,2.057,0,0,0,0,0,0,0,0,0,4.092,11.672,0,0,1.645,0,0,0,0,2.047,0,0,0,0,0,0,0,0,2.325,265.109,-2.971,265.742,2,2,5,11,2,16,18,19,0,0,4,5,18,19,0,1,5,5,2,4,16,0,0,0,0,0,0,0,0,0,1,11,2,0,0,0,2,0,0,0,3,18,0.321,0.284,145.291,81.06,452.512,404.504,284.94,0.62058,13.2841,8.56208,7.63525,1.34318,0,6.62174,11.1991,6.2137,4.37438,0.60244,0,3.18052,1.30609,219.777,310.764,1.59836,54.3445,2.86382,2.53248,2.66046,14.41,12.7003,5.96982,4.85709,2.96296,2.29363,3.42703,18,19,27,7,0,36,0.68678,168.967,199.421,92,0.93013,0.88935,0.27237,-0.00018,-266.678,48.7157,0.80331,-1.22136,-0.10102,0.19668,0.11181,0.00979,353.145,-536.92,-44.4094,86.4664,4.30636,0.73879,0.19816,9.18842,0.25653,2.23058,0.2612,439.611,324.784,114.827,155.246,-236.036,-19.5229,38.0116,1.89312,54.97,10.94,2.50037,44.03,90.5103,3.79552,13.4986,75.0112,0.63469,39.4177,0.82107,8.75535,24.4937,0.78661,3.55645,209.91
CHEMBL3732814,4.3,2.654,80.887,2,2,2,0,0,4,0,0,0,0,0,0,0,0,0,4,0,0,0,2,2,0,2,0,0,0,0,0,0,0,0,1.528,3.662,9.191,0,0,2.781,0,0,0,0,0,0,0,0,0,7.26,0,0,0,1.567,6.421,0,10.586,0,0,0,0,0,0,0,0,0,0,2.654,276.159,-3.268,276.334,4,2,6,11,2,10,20,21,0,0,4,4,20,21,0,1,6,6,2,2,20,0,0,0,0,0,0,0,0,0,1,11,2,0,0,0,2,0,0,0,6,20,0.174,0.218,87.3387,68.3,501.235,436.447,312.3,0.57571,14.5352,9.7274,7.89713,1,0,6.78968,12.2798,6.64519,4.17738,0.35875,0,2.85799,1.6,242.157,325.212,1.57838,63.1356,2.72192,2.4788,2.63451,16.3719,14.4883,7.85204,6.49299,3.8144,2.9953,4.70361,20,21,28,6,0,38,0.62979,193.859,226.477,98,2.35302,2.35302,-9.00E-05,0.00021,-149.842,40.9923,0.65522,-1.18333,-0.06381,0.34477,0.26641,0.02111,316.253,-571.147,-30.7986,166.412,10.1937,0.83567,0.19185,3.28899,0.18555,1.52376,0.16432,482.665,403.349,79.3162,152.644,-275.673,-14.8654,80.321,4.92014,32.17,-3.16,2.49156,35.33,150.128,3.48723,11.8582,81.4065,0.67908,33.1546,0.82222,10.1092,28.1597,0.81917,3.40045,226.72
CHEMBL3732725,7.92,4.478,80.869,2,2,2,0,0,4,0,0,0,0,0,0,0,0,0,2,0,0,0,2,2,0,0,0,0,0,0,0,1,0,1,1.455,3.524,9.073,0,0,2.591,0,0,0,0,0,0,0,0,0,4.02,0,0,0,1.544,6.366,0,0,0,0,0,0,0,0,5.405,0,2.542,0,4.265,274.099,-3.858,274.749,2,2,4,11,2,19,19,20,0,0,4,4,19,20,0,1,4,4,2,2,15,0,0,0,0,0,0,0,0,0,1,11,2,0,0,0,2,0,0,0,4,19,0.154,0.172,75.2773,49.84,486.842,439.331,288.8,0.69029,13.8281,9.1894,7.70608,1.06903,0,6.47241,11.6746,6.52606,4.35378,0.47673,0,2.9097,0.94736,228.397,310.764,1.5608,53.0674,3.30055,2.53964,2.65155,15.39,13.4419,7.1358,5.76667,3.55555,2.71677,4.07972,19,20,27,6,0,36,0.77698,181.343,212.877,94,2.59909,2.53684,-0.56545,0.00027,-412.354,39.2204,0.91574,-1.28974,-0.07033,0.08425,0.04843,0.00875,454.138,-639.61,-34.878,41.784,4.34239,0.89812,0.19211,2.39505,0.24944,2.22912,0.10187,495.922,445.398,50.5239,225.217,-317.196,-17.2967,20.7216,2.15348,59.71,-2,2.76762,61.71,146.825,3.88604,13.6011,82.7608,0.57752,39.325,0.82608,10.5361,29.9186,0.81132,3.5,216.77
CHEMBL3732705,5,3.074,101.036,2,2,2,0,0,4,0,0,0,0,0,0,0,0,0,2,0,0,1,6,2,0,0,1,1,0,0,0,0,0,0,1.617,3.894,9.38,0,0,3.202,0,0,0,0,0,0,0,0,0,4.07,0,0,9.029,4.508,6.496,0,0,0.542,2.231,0,0,0,0,0,0,0,0,3.073,349.167,-3.961,349.858,2,3,6,11,2,23,24,26,0,0,5,5,24,26,0,1,6,6,3,3,24,0,0,0,0,0,0,0,0,0,2,15,3,0,1,0,2,0,0,0,7,24,0.185,0.202,105.904,73.31,571.814,505.99,361.71,0.70762,17.1041,11.6557,10.0878,1.40924,0,8.41819,14.8974,8.88442,6.4643,0.78504,0,4.5592,1.0629,330.763,444.235,1.60297,76.9426,3.52205,1.85388,1.94486,18.7811,17.0467,8.5895,7.4023,4.23323,3.52039,5.2577,24,26,36,8,0,49,0.76817,251.94,296.423,124,5.90017,-4.25702,4.04747,0.55475,-320.321,52.34,0.78095,-1.50597,-0.08169,0.21904,0.13776,0.01013,445.19,-858.488,-46.5644,124.869,5.77568,0.82468,0.20551,11.0098,0.22796,1.76192,0.17531,570.059,470.118,99.9413,253.785,-489.389,-26.5445,71.1827,3.29248,83.18,44.02,3.16504,39.16,206.564,3.90429,17.7768,98.6903,0.5006,55.7528,0.68881,11.0899,35.4398,0.70186,4.55314,281.25
CHEMBL3732639,5.98,3.369,94.557,2,2,2,0,0,4,0,0,0,0,0,0,0,0,0,2,1,0,0,4,2,0,0,0,0,0,0,0,0,0,2,1.505,3.664,9.219,0,0,2.787,0,0,0,0,0,0,0,0,0,4.039,5.446,0,0,2.723,6.425,0,0,0,0,0,0,0,0,0,0,6.024,0,2.23,317.141,-5.612,317.816,2,3,5,11,2,22,22,23,0,0,4,4,22,23,0,1,5,5,3,4,20,0,0,0,0,0,0,0,0,0,1,11,2,0,0,0,2,0,0,0,7,22,0.23,0.221,127.809,75.86,553.766,491.779,342.67,0.66229,15.9494,10.6894,8.79362,1.06903,0,7.1265,13.5888,7.74919,5.0499,0.47673,0,3.24659,1.19384,269.87,354.413,1.53402,64.4291,3.26558,2.43169,2.53102,18.3403,16.3424,9.33333,7.8303,4.99671,4.00939,5.81663,22,23,30,6,0,39,0.73228,219.289,254.084,106,5.36956,-3.39742,4.1581,0.00123,-363.239,55.552,0.80469,-1.38112,-0.08415,0.1953,0.11717,0.00904,479.654,-823.243,-50.1579,116.416,5.39414,0.80882,0.19198,11.3373,0.23898,2.36651,0.19117,596.07,482.118,113.952,285.907,-490.71,-29.8976,69.3918,3.21528,132.25,9.52,3.43582,122.73,209.065,5.40676,18.9237,100.228,0.47239,55.349,0.83567,11.2119,32.0513,0.81676,3.5,268.56
CHEMBL3732615,7.15,2.977,107.824,2,2,2,0,0,4,0,0,0,0,0,0,0,0,0,2,0,0,0,7,2,0,0,0,2,0,0,0,0,1,1,1.337,3.378,9.291,0,0,2.221,0,0,0,0,0,0,0,0,0,4.176,0,0,0,6.893,6.639,0,0,0,4.793,0,0,0,0,0,9.17,2.089,0,2.189,373.178,-3.707,373.883,2,2,7,11,2,24,26,28,0,0,5,5,26,28,0,1,7,7,2,2,24,0,0,0,0,0,0,0,0,0,2,17,3,0,0,0,3,0,0,0,6,26,0.174,0.198,105.964,80.11,606.778,539.735,403.66,0.72148,18.5183,12.6009,10.9742,1.56183,0,9.13565,15.9744,9.28224,6.86261,0.85845,0,4.8468,0.98498,360.025,474.842,1.54887,77.4436,3.71545,1.68403,1.77291,20.727,18.6451,9.97229,8.49485,5.5177,4.53952,6.09183,26,28,38,8,0,49,0.79044,278.585,325.212,132,14.0182,11.2378,8.3796,0.04065,-171.657,47.9181,0.63256,-1.25016,-0.06085,0.36743,0.28464,0.01316,409.56,-809.432,-39.3919,237.903,8.5262,0.89291,0.1537,1.00857,0.18515,1.69934,0.10708,647.463,578.13,69.3337,265.175,-524.077,-25.5048,154.034,5.5204,85.58,0.35,3.96097,85.23,354.2,4.75844,18.5149,112.741,0.42368,56.3548,0.78225,14.372,42.9503,0.76805,3.89097,314.87
CHEMBL3732578,5,5.494,105.188,4,9,2,0,0,5,0,0,0,0,0,0,0,0,0,2,0,0,0,1,1,0,1,0,0,0,0,0,0,0,0,3.788,18.108,9.67,0,0,3.724,0,0,0,0,0,0,0,0,0,3.636,0,0,0,0.752,3.336,0,5.305,0,0,0,0,0,0,0,0,0,0,5.494,363.114,-7.469,363.84,3,1,4,22,4,26,26,29,0,0,4,4,26,29,0,1,4,4,1,1,18,0,0,0,0,0,0,0,0,0,2,22,4,0,0,0,4,0,0,0,4,26,0.115,0.13,66.2207,47.04,574.243,517.824,359.9,0.6934,18.0956,12.707,11.1243,1.47728,0,9.90132,15.3398,8.86047,6.36052,0.69116,0,4.62215,1.01017,387.726,521.319,1.54915,68.1628,3.69026,1.9676,2.03368,19.3222,16.761,8.56632,6.90306,3.93816,3.01487,4.45008,26,29,41,9,0,58,0.78508,285.467,339.763,140,5.82901,5.22441,2.58513,0.0003,-333.682,36.9784,0.80463,-1.34311,-0.05524,0.19536,0.12657,0.01228,440.678,-735.584,-30.2523,106.996,6.72607,0.93825,0.20827,3.07965,0.20481,1.73135,0.06174,547.674,513.86,33.8147,241.348,-402.861,-16.5684,58.599,3.68369,57.32,-1.79,3.19024,59.11,272.857,4.11362,14.3977,102.893,0.5793,41.9932,0.83333,12.3365,35.2849,0.8172,3.5,271.99
CHEMBL3732552,5.57,3.92,97.2,2,2,2,0,0,4,0,0,0,0,0,0,0,0,0,4,0,0,1,2,2,0,0,0,0,0,1,0,0,0,2,1.396,3.536,9.18,0,0,2.509,0,0,0,0,0,0,0,0,0,7.258,0,0,9.729,1.498,6.39,0,0,0,0,0,-1.076,0,0,0,0,5.66,0,3.719,332.14,-5.802,332.828,2,2,5,11,2,22,23,24,0,0,4,6,23,24,0,1,5,5,3,3,21,0,0,0,0,0,0,0,0,0,1,11,2,0,0,0,2,0,0,0,6,23,0.2,0.192,110.779,70.07,551.79,490.253,363.27,0.66425,17.0352,10.8358,10.3972,2.62969,0,7.21316,14.5444,7.961,6.01846,1.17394,0,3.25726,1.21739,301.678,413.947,1.60203,70.4895,3.30617,2.48049,2.58419,19.3264,17.3258,8.39273,7.03116,5.5,4.47293,5.29656,23,24,34,10,0,40,0.73087,232.192,268.078,116,2.94302,1.09777,2.68331,0.50605,-529.445,53.4703,0.92579,-1.64657,-0.07837,0.0742,0.05157,0.00763,575.577,-1023.68,-48.7206,46.1315,4.74963,0.84271,0.21261,8.83892,0.20627,2.04264,0.15728,621.708,523.925,97.7833,357.841,-636.431,-30.29,28.6803,2.95288,199.68,9.81,3.56696,189.87,207.374,3.56694,18.4959,101.558,0.4997,61.1621,0.63771,10.9881,37.2146,0.65314,5.18536,284.34
CHEMBL3732479,7.27,4.312,96.217,2,2,2,0,0,4,0,0,0,0,0,0,0,0,0,2,0,0,0,4,2,0,0,0,0,0,0,0,0,1,3,1.45,3.606,9.198,0,0,2.665,0,0,0,0,0,0,0,0,0,4.017,0,0,0,2.453,6.403,0,0,0,0,0,0,0,0,0,8.535,8.005,0,4.121,327.125,-6.2,327.811,2,2,5,11,2,23,23,24,0,0,4,4,23,24,0,1,5,5,2,2,18,0,0,0,0,0,0,0,0,0,1,11,2,0,0,0,2,0,0,0,7,23,0.205,0.208,115.714,73.63,562.103,504.182,353.71,0.68693,16.6565,11.1894,9.14717,1.06903,0,7.3765,13.9587,7.9181,5.16934,0.47673,0,3.33905,1.04347,283.826,369.16,1.54888,63.5045,3.48008,2.38256,2.47595,19.3264,16.8634,10.0957,8.21652,5.5,4.24666,6.0243,23,24,31,6,0,40,0.76932,232.192,268.078,110,4.7133,4.70593,0.26351,-0.00012,-338.77,51.1011,0.77176,-1.22363,-0.06792,0.22823,0.16124,0.01407,481.029,-762.674,-42.3298,142.259,8.77129,0.91192,0.17065,2.38887,0.20292,2.00945,0.08807,623.288,568.39,54.8983,299.82,-475.366,-26.3836,88.6683,5.46704,152.91,5.95,3.92588,146.96,180.317,5.88086,20.583,104.57,0.4803,60.7333,0.84304,10.5774,29.8805,0.80712,3.5,271.31
CHEMBL3732463,5.7,5.447,104.022,4,7,2,0,0,5,0,0,0,0,0,0,0,0,0,2,0,0,0,1,1,0,1,0,0,0,0,0,0,0,0,3.91,14.077,9.634,0,0,3.815,0,0,0,0,0,0,0,0,0,3.64,0,0,0,0.763,3.33,0,5.294,0,0,0,0,0,0,0,0,0,0,5.447,369.07,-7.547,369.868,3,1,4,21,4,25,25,28,0,0,4,4,25,28,0,1,4,4,1,1,16,0,0,0,0,0,0,0,0,0,2,21,4,0,0,1,3,0,0,0,4,25,0.191,0.21,109.035,75.28,568.735,521.066,357.25,0.70317,17.3885,12.207,10.7708,1.47728,0,9.65974,15.4099,9.22461,6.89058,0.7846,0,5.27697,0.94039,372.738,505.754,1.71205,70.1941,3.70346,1.92666,2.00444,18.3673,16.2688,7.93499,6.59496,3.57525,2.8428,4.29169,25,28,40,9,0,57,0.79749,271.958,325.212,136,4.06467,3.76985,1.5198,-0.00011,-321.531,38.0263,0.79462,-1.25532,-0.05723,0.20537,0.13867,0.01246,433.6,-684.984,-31.2244,112.068,6.80195,0.93524,0.22007,3.34835,0.19655,1.61405,0.06475,545.668,510.331,35.3368,236.601,-373.774,-17.0381,61.152,3.7116,68.23,10.73,3.22147,57.5,264.929,4.00959,14.4346,101.111,0.57158,43.3474,0.83417,12.255,36.0284,0.81663,3.6,267.53
CHEMBL3732324,5.5,4.879,127.854,2,6,2,0,0,6,0,0,0,0,0,2,0,0,2,2,0,0,0,4,2,0,0,0,1,0,0,0,0,0,2,1.348,10.381,9.279,0,0,3.324,0,0,0,0,0,24.881,0,0,-0.558,3.99,0,0,0,2.007,6.414,0,0,0,1.233,0,0,0,0,0,0,6.052,0,4.688,447.146,-7.268,447.917,4,2,7,17,3,27,32,35,0,0,6,6,32,35,0,1,6,7,2,2,22,0,0,0,0,0,0,0,0,0,2,21,4,0,0,1,3,0,0,0,8,32,0.182,0.195,124.081,87.22,680.792,610.303,446.99,0.70968,22.6646,15.5284,13.5765,1.86218,0,11.8866,18.5846,10.84,7.56875,0.79141,0,5.31585,1.04718,492.669,648.242,1.64829,89.0077,3.95281,1.4772,1.538,25.1037,21.5963,11.6202,9.24607,5.64446,4.25768,6.24003,32,35,49,11,0,68,0.79056,368.406,429.05,168,13.1076,12.883,-2.41593,-0.00184,-505.053,72.7037,0.82703,-1.97008,-0.0786,0.17296,0.21464,0.01555,638.617,-1521.25,-60.69,133.564,12.0137,0.79512,0.11383,4.22025,0.20392,2.11793,0.20487,772.181,613.983,158.198,493.128,-1174.68,-46.8636,103.136,9.27678,219.14,56.14,5.8119,163,238.683,7.17106,25.0987,138.324,0.48886,74.7539,0.85097,11.2736,32.0736,0.81286,3.5,358.77
CHEMBL3732308,5.36,4.879,99.824,4,7,2,1,0,5,0,0,0,0,0,0,0,0,0,2,0,0,0,1,1,0,1,0,0,0,0,0,0,0,0,3.64,13.687,9.61,3.236,0,3.683,0,0,0,0,0,0,0,0,0,3.626,0,0,0,0.751,3.318,0,5.29,0,0,0,0,0,0,0,0,0,0,4.879,352.109,-6.284,352.817,3,2,5,21,4,25,25,28,0,0,4,4,25,28,0,1,4,5,2,2,17,0,0,0,0,0,0,0,0,0,2,21,4,0,0,1,3,0,0,0,4,25,0.157,0.18,87.5414,62.83,555.129,500.01,347.53,0.70317,17.3885,12.207,10.7708,1.47728,0,9.65132,14.6851,8.4438,6.07829,0.67999,0,4.42747,0.94039,372.738,505.754,1.62571,68.2798,3.70346,1.94941,2.02802,18.3673,15.8721,7.93499,6.34951,3.57525,2.71234,4.0312,25,28,40,9,0,57,0.79749,271.958,325.212,136,5.94542,5.29879,2.69645,0.00058,-294.816,39.1752,0.77658,-1.33851,-0.06058,0.22341,0.15161,0.01292,413.889,-713.37,-32.2855,119.072,6.8897,0.88485,0.2017,3.02573,0.19553,1.60574,0.11514,532.961,471.593,61.3687,220.587,-380.198,-17.2069,63.461,3.67194,70.89,17.3,3.12217,53.59,249.618,4.07937,14.2778,98.2225,0.56648,41.4893,0.83024,12.144,34.6845,0.81602,3.5,262.05
CHEMBL3732279,5,3.067,113.916,2,6,3,0,0,5,0,0,0,0,0,0,0,0,0,2,0,0,0,7,1,0,2,0,1,0,0,0,0,0,0,1.527,11.174,13.87,0,0,3.851,0,0,0,0,0,0,0,0,0,3.247,0,0,0,8.119,3.501,0,10.852,0,2.522,0,0,0,0,0,0,0,0,1.743,393.216,-5.309,393.482,5,1,7,17,3,25,29,32,0,0,4,4,29,32,0,1,7,7,1,1,27,0,0,0,0,0,0,0,0,0,3,22,4,0,0,1,3,0,0,0,8,29,0.125,0.172,81.6022,72.4,651.325,568.449,420.19,0.66266,20.0538,14.2795,12.0566,1.3402,0,10.5464,17.0192,10.0865,7.18169,0.6002,0,5.26555,1.31947,426.051,552.659,1.51987,85.1128,3.53851,1.57348,1.65243,22.2031,19.6954,11.0395,9.25845,5.62663,4.52752,6.2879,29,32,43,8,0,58,0.72839,326.548,384,150,10.0775,8.43483,-5.50779,0.27062,-90.0063,44.5249,0.57104,-1.24917,-0.05142,0.42895,0.33857,0.01887,361.723,-791.274,-32.5681,271.717,11.9568,0.85409,0.15839,2.95293,0.1681,1.38042,0.1459,633.44,541.019,92.4215,229.13,-501.225,-20.6299,172.116,7.57391,61.1,11.26,3.74554,49.84,381.754,4.37759,18.2841,115.327,0.47974,56.4855,0.73964,13.1476,40.0961,0.73015,4.17674,334.76
CHEMBL3732267,6.41,2.859,97.923,2,2,2,0,0,4,0,0,0,0,0,1,0,0,1,2,1,0,0,3,3,0,0,0,0,0,0,0,0,0,2,1.363,3.504,9.152,0,0,2.459,0,0,0,0,0,10.622,0,0,-0.62,3.985,4.985,0,0,1.622,8.761,0,0,0,0,0,0,0,0,0,0,5.683,0,2.668,346.131,-5.437,346.815,3,4,7,11,2,24,24,25,0,0,4,5,24,25,0,1,5,7,4,5,19,0,0,0,0,0,0,0,0,0,1,11,2,0,0,0,2,0,0,0,7,24,0.294,0.287,169.735,104.96,576.546,514.222,364.58,0.69118,17.5267,11.5452,9.97614,1.47728,0,7.55442,14.2899,7.9373,5.22903,0.53566,0,3.32826,1.08333,304.062,398.93,1.7002,73.109,3.50162,2.31302,2.42321,20.3136,17.631,10.2222,8.22186,6.0464,4.63709,6.03998,24,25,33,7,0,41,0.76372,245.213,282.193,116,3.14243,2.97759,1.00441,0.00059,-464.97,76.9272,0.86417,-1.9214,-0.10438,0.13582,0.12847,0.01612,551.678,-1226.59,-66.6318,86.7079,10.2954,0.6981,0.14076,7.26611,0.31297,3.62842,0.30189,638.386,445.663,192.723,352.184,-783.038,-42.5368,55.3531,6.57246,155.17,26.97,4.07608,128.2,235.113,5.87088,20.5481,108.073,0.43867,60.281,0.83818,11.9896,34.1149,0.81296,3.5,279.2
CHEMBL3732229,6.9,3.715,92.563,2,2,2,0,0,4,0,0,0,0,0,0,0,0,0,3,0,0,1,2,2,0,0,1,0,0,0,0,0,0,2,1.404,3.53,9.149,0,0,2.528,0,0,0,0,0,0,0,0,0,5.611,0,0,9.264,1.505,6.379,0,0,-0.703,0,0,0,0,0,0,0,5.543,0,3.514,318.125,-5.428,318.801,2,3,5,11,2,22,22,23,0,0,4,5,22,23,0,1,5,5,3,3,19,0,0,0,0,0,0,0,0,0,1,11,2,0,0,0,2,0,0,0,6,22,0.205,0.206,110.779,70.07,538.949,480.3,338.72,0.72004,16.1125,10.5452,9.26903,1.47728,0,7.06283,13.6218,7.61161,5.15476,0.60583,0,3.16992,0.90909,275.749,369.16,1.6329,66.949,3.55034,2.47424,2.58173,18.3403,16.3424,8.74089,7.29905,4.99671,4.00939,5.422,22,23,31,7,0,39,0.79614,219.289,254.084,108,2.80384,0.74401,2.70333,-0.00222,-488.062,57.3439,0.91193,-1.60705,-0.08759,0.08806,0.0605,0.0092,540.231,-952.015,-51.8879,52.1697,5.45594,0.81833,0.21598,11.3394,0.20867,2.06645,0.18166,592.401,484.782,107.619,320.033,-563.974,-30.7385,30.9053,3.2321,148.32,5.04,3.41438,143.28,195.932,5.15514,18.043,99.8451,0.51831,53.2038,0.84249,10.6764,30.2168,0.80864,3.5,266.16
CHEMBL3732227,5.96,2.048,92.249,2,2,2,0,0,4,0,0,0,0,0,1,0,0,1,2,0,0,1,4,3,0,0,0,0,0,0,0,0,0,0,1.249,3.338,9.07,0,0,2.133,0,0,0,0,0,11.621,0,0,-0.308,3.956,0,0,8.8,1.239,8.977,0,0,0,0,0,0,0,0,0,0,0,0,1.824,337.131,-3.834,337.805,3,4,7,11,2,23,23,24,0,0,4,5,23,24,0,1,6,7,4,4,20,0,0,0,0,0,0,0,0,0,1,11,2,0,0,0,2,0,0,0,7,23,0.274,0.283,152.705,99.17,557.023,496.766,349.34,0.66153,16.8196,11.0832,9.42738,1.35771,0,7.43462,13.8669,7.86129,5.23123,0.5489,0,3.36715,1.26171,289.877,384,1.73669,74.6778,3.26184,2.33634,2.46518,19.3264,17.2373,9.4746,7.93705,5.23497,4.20434,5.94839,23,24,32,7,0,41,0.72107,232.192,268.078,112,3.19672,1.72643,2.69044,0.00033,-327.751,64.6695,0.79745,-1.73444,-0.10057,0.20254,0.18379,0.01681,439.336,-955.536,-55.4051,111.585,9.26432,0.74295,0.18199,9.86699,0.24053,2.26576,0.25704,550.921,409.31,141.611,242.039,-526.425,-30.5239,61.4746,5.10391,33.84,-3,3.07212,36.84,216.151,4.89809,17.1433,95.6281,0.49041,49.8463,0.83074,11.3744,32.5157,0.81676,3.5,259.3
CHEMBL3732218,7.04,4.819,111.934,2,9,4,0,0,6,0,0,0,0,0,0,0,0,0,2,0,0,0,2,1,0,1,0,0,0,0,0,0,0,0,1.378,16.947,18.297,0,0,4.267,0,0,0,0,0,0,0,0,0,3.585,0,0,0,1.157,3.265,0,5.284,0,0,0,0,0,0,0,0,0,0,4.818,393.136,-6.885,393.869,4,1,6,22,4,26,28,31,0,0,5,5,28,31,0,1,5,6,1,1,20,0,0,0,0,0,0,0,0,0,3,22,4,0,0,1,3,0,0,0,6,28,0.151,0.163,94.672,64.86,626.458,562.996,397.42,0.70107,19.5099,13.6734,12.0001,1.61336,0,10.2999,16.4414,9.41332,6.746,0.74632,0,4.67147,1.02696,417.81,552.659,1.62065,77.7913,3.78039,1.68802,1.76901,21.2404,18.4055,9.87128,7.95996,5.02378,3.86206,5.23239,28,31,43,9,0,58,0.78637,312.765,369.16,148,9.09579,8.92574,-1.75057,-0.00846,-212.728,43.2383,0.68528,-1.33699,-0.05761,0.31471,0.24892,0.01771,393.389,-767.498,-33.0688,180.662,10.1696,0.88891,0.17819,2.71123,0.16785,1.33785,0.11108,574.051,510.281,63.7702,225.826,-440.583,-18.9832,103.709,5.83785,73.6,17.63,3.80205,55.97,183.505,5.00417,17.5146,111.65,0.6384,51.1617,0.83459,9.98529,28.153,0.80555,3.5,299.09
CHEMBL3732027,7.42,3.23,78.503,2,2,2,0,0,4,0,0,0,0,0,0,0,0,0,2,0,0,0,2,2,0,0,0,0,0,0,0,0,1,1,1.319,3.319,8.977,0,0,2.172,0,0,0,0,0,0,0,0,0,3.983,0,0,0,1.499,6.31,0,0,0,0,0,0,0,0,0,8.978,2.042,0,3.016,275.094,-4.216,275.737,2,2,5,11,2,19,19,20,0,0,4,4,19,20,0,1,5,5,2,2,14,0,0,0,0,0,0,0,0,0,1,11,2,0,0,0,2,0,0,0,4,19,0.244,0.252,115.714,73.63,473.365,428.207,291.31,0.69029,13.8281,9.1894,7.70608,1.06903,0,6.47241,11.5444,6.461,4.32125,0.47673,0,2.87465,0.94736,228.397,310.764,1.61959,53.4467,3.30055,2.53313,2.65343,15.39,13.3735,7.1358,5.72,3.55555,2.68899,4.02613,19,20,27,6,0,36,0.77698,181.343,212.877,94,6.18655,6.1822,-0.23183,0.0003,-370.485,43.1457,0.87782,-1.24213,-0.07509,0.12217,0.08619,0.01291,430.383,-608.992,-36.8134,59.8985,6.33227,0.89694,0.19121,2.42571,0.20323,1.86526,0.10305,490.282,439.758,50.5239,211.009,-298.578,-18.049,29.3671,3.10459,64.17,-1.92,2.81389,66.09,148.846,3.83432,13.4202,81.7166,0.5763,38.5665,0.82107,10.5658,30.0028,0.81132,3.5,215.4
CHEMBL3731998,5.32,4.443,101.725,2,2,2,0,0,4,0,0,0,0,0,0,0,0,0,4,0,0,1,3,2,0,0,0,0,0,1,0,0,0,2,1.405,3.56,9.217,0,0,2.532,0,0,0,0,0,0,0,0,0,7.577,0,0,10.035,2.043,6.406,0,0,0,0,0,-1.034,0,0,0,0,5.798,0,4.242,346.156,-6.143,346.854,2,2,5,11,2,24,24,25,0,0,4,6,24,25,0,1,5,5,3,3,23,0,0,0,0,0,0,0,0,0,1,11,2,0,0,0,2,0,0,0,7,24,0.192,0.184,110.779,70.07,576.57,510.764,379.98,0.68468,17.7423,11.3965,10.3543,2.27614,0,8.09704,15.2516,8.52166,6.08685,1.00248,0,3.9091,1.14624,316.2,429.05,1.57372,73.9651,3.43872,2.45901,2.55834,20.3136,18.3107,9.08734,7.69336,5.49702,4.50704,5.86962,24,25,35,10,0,43,0.74999,245.213,282.193,120,1.73033,-0.72594,1.19727,-1.01667,-541.194,52.9031,0.92619,-1.69525,-0.07578,0.0738,0.05148,0.00754,588.05,-1076.32,-48.1128,46.8561,4.7903,0.85784,0.20644,7.29945,0.20552,2.0849,0.14215,634.906,544.649,90.2565,373.356,-683.362,-30.5471,29.7492,3.04139,171.4,13.42,3.64953,157.98,212.346,3.65147,19.1682,105.935,0.49832,62.6558,0.62268,11.0904,36.8098,0.63227,5.24943,304.58
CHEMBL3731979,6.5,4.527,86.809,2,2,2,0,0,4,0,0,0,0,0,0,0,0,0,2,0,0,0,3,2,0,1,0,0,0,0,0,1,0,1,1.397,3.477,9.116,0,0,2.387,0,0,0,0,0,0,0,0,0,4.01,0,0,0,1.677,6.372,0,5.399,0,0,0,0,0,0,5.191,0,2.409,0,4.495,304.109,-3.807,304.775,3,2,5,11,2,21,21,22,0,0,4,4,21,22,0,1,5,5,2,2,17,0,0,0,0,0,0,0,0,0,1,11,2,0,0,0,2,0,0,0,6,21,0.153,0.184,81.308,59.07,528.312,474.748,320.17,0.63864,15.2423,10.1894,8.44006,1.06903,0,6.8765,12.7899,7.12242,4.65282,0.46349,0,3.0127,1.27404,255.981,339.763,1.6666,63.331,3.11827,2.3989,2.53085,17.3554,15.3606,8.58501,7.11458,4.48753,3.54223,5.204,21,22,29,6,0,38,0.70993,206.51,240.215,102,2.39212,2.28111,-0.72028,0.00021,-405.905,48.3875,0.86748,-1.50433,-0.07269,0.13251,0.10027,0.01493,479.088,-830.793,-40.139,73.1824,8.24851,0.88756,0.1913,2.21371,0.18947,1.83055,0.11243,552.27,490.174,62.0957,264.586,-458.822,-22.1676,40.4165,4.5554,74.05,7.63,3.09491,66.42,190.997,4.7654,16.6789,92.7775,0.53189,48.8399,0.83664,10.458,29.7735,0.81341,3.5,243.87
CHEMBL3731908,5.64,4.353,94.504,2,5,2,0,0,7,0,0,0,0,0,0,0,0,0,2,0,0,0,2,1,0,3,0,0,0,0,0,0,0,0,1.404,9.267,9.464,0,0,4.817,0,0,0,0,0,0,0,0,0,3.587,0,0,0,0.958,3.267,0,16.109,0,0,0,0,0,0,0,0,0,0,4.353,357.088,-5.048,357.791,5,1,6,17,3,25,25,28,0,0,4,4,25,28,0,1,6,6,1,1,16,0,0,0,0,0,0,0,0,0,2,21,4,0,0,1,3,0,0,0,4,25,0.141,0.19,78.2821,65.5,552.096,497.63,343.16,0.68858,17.3885,12.1902,10.8454,1.53845,0,9.65693,14.554,8.26273,5.90186,0.66467,0,4.2234,1.07019,372.738,505.754,1.73393,71.0912,3.57366,1.82458,1.92349,18.3673,16.231,7.93499,6.57145,3.70408,2.93654,4.26645,25,28,40,9,0,56,0.76954,271.958,325.212,136,2.30947,0.45657,-2.2639,0.00011,-199.459,54.4201,0.68468,-1.35132,-0.07109,0.31531,0.32109,0.02968,369.735,-729.727,-38.3887,170.276,16.0314,0.83438,0.17615,2.64236,0.15573,7.74853,0.16561,540.011,450.58,89.4314,199.661,-394.061,-20.7304,91.9509,8.65713,61.37,8.28,3.37663,53.09,226.451,4.40948,15.4332,97.9,0.56072,45.1674,0.83618,11.3129,32.1083,0.81091,3.5,261.7
CHEMBL3731901,6.29,4.842,115.923,2,2,2,0,0,4,0,0,0,0,0,0,0,0,0,5,0,0,0,6,2,0,1,1,1,0,0,0,0,0,0,1.506,3.622,9.478,0,0,2.658,0,0,0,0,0,0,0,0,0,10.245,0,0,0,6.321,6.816,0,5.289,0.304,2.446,0,0,0,0,0,0,0,0,3.743,393.23,-5.786,393.954,3,2,6,11,2,25,27,28,0,0,4,6,27,28,0,1,6,6,2,2,32,0,0,0,0,0,0,0,0,0,1,11,2,0,0,0,2,0,0,0,11,27,0.115,0.139,76.4331,62.31,662.031,579.455,446.03,0.74297,19.8112,13.0151,10.8717,1.56183,0,8.98205,17.8585,10.1763,7.04831,0.82572,0,4.96641,0.99092,353.544,459.5,1.50894,89.0277,3.76396,2.07293,2.18085,23.2806,21.6676,11.87,10.639,6.77953,5.92447,8.53788,27,28,37,8,0,47,0.79159,284.941,325.212,130,12.6411,9.30785,8.54556,0.36717,-435.923,43.832,0.83021,-1.69601,-0.05575,0.16978,0.11779,0.01065,547.991,-1119.46,-36.7974,112.068,7.03457,0.90803,0.17018,2.66226,0.20703,1.30011,0.09196,660.059,599.36,60.6993,361.707,-738.912,-24.2885,73.9716,4.64323,35.43,0.23,3.71734,35.2,302.041,3.64195,19.8321,114.373,0.44415,66.1083,0.61214,12.9844,43.5502,0.61593,5.44545,332.02
CHEMBL3731887,5.05,3.187,103.286,2,2,2,0,0,4,0,0,0,0,0,2,0,0,2,3,0,0,0,5,2,0,1,0,0,0,0,0,0,0,0,1.306,3.486,9.168,0,0,2.45,0,0,0,0,0,23.267,0,0,-0.486,5.265,0,0,0,1.758,6.354,0,4.55,0,0,0,0,0,0,0,0,0,0,2.986,378.146,-5.035,378.853,5,2,7,11,2,26,26,27,0,0,4,6,26,27,0,1,7,7,2,2,23,0,0,0,0,0,0,0,0,0,1,11,2,0,0,0,2,0,0,0,10,26,0.22,0.233,134.986,93.21,611.542,544.007,400.02,0.66782,19.1041,12.4771,10.7295,1.64638,0,8.50233,15.9433,8.92222,6.11259,0.66761,0,4.09594,1.28883,339.036,444.235,1.69929,83.2653,3.4116,2.18974,2.30242,22.2908,20.0667,11.1111,9.44827,6.54222,5.37111,7.29214,26,27,36,8,0,45,0.7258,271.591,310.764,126,8.42516,8.21597,-1.86581,0.0009,-255.308,60.0475,0.70815,-1.51839,-0.07857,0.29184,0.30625,0.01935,434.279,-931.152,-48.1787,178.971,11.8688,0.78309,0.14893,3.47887,0.24868,2.22235,0.2169,613.25,480.233,133.018,266.322,-571.029,-29.5456,109.754,7.27854,35.02,-2.12,3.68687,37.14,251.369,5.73602,20.0761,109.093,0.43979,59.2123,0.84268,12.3557,35.3401,0.8172,3.5,299.09
CHEMBL3731820,5.38,2.472,85.848,2,2,2,0,0,4,0,0,0,0,0,1,0,0,1,3,0,0,0,2,3,0,0,0,0,0,0,0,0,0,0,1.34,3.424,9.077,0,0,2.341,0,0,0,0,0,11.182,0,0,-0.181,5.421,0,0,0,1.487,9.023,0,0,0,0,0,0,0,0,0,0,0,0,2.258,307.12,-4.204,307.779,3,3,6,11,2,21,21,22,0,0,4,5,21,22,0,1,5,6,3,3,18,0,0,0,0,0,0,0,0,0,1,11,2,0,0,0,2,0,0,0,5,21,0.226,0.245,117.204,78.94,517.324,462.522,322.18,0.68463,15.4054,10.0452,8.92738,1.47728,0,6.72218,13.0055,7.19151,4.89063,0.57879,0,3.06489,1.08356,261.678,354.413,1.69639,66.1594,3.30875,2.44484,2.5758,17.3554,15.3115,8.02222,6.58124,4.48753,3.52007,4.79851,21,22,30,7,0,38,0.7533,206.51,240.215,104,3.92443,3.83072,-0.8525,-0.00021,-305.514,47.3376,0.79764,-1.4197,-0.07899,0.20235,0.16502,0.01324,409.37,-728.624,-40.5377,103.856,6.79991,0.78335,0.15972,1.29262,0.261,2.45857,0.21664,513.227,402.041,111.186,210.1,-373.949,-20.805,53.3018,3.48989,37.68,0.55,2.75751,37.13,178.846,4.133,14.4655,87.2544,0.60273,41.6902,0.82343,10.0075,28.3872,0.81045,3.5,237.69
CHEMBL3731721,7.11,5.738,103.899,4,7,2,0,0,5,0,0,0,0,0,0,0,0,0,2,0,0,0,1,1,0,1,0,0,0,0,0,0,0,0,3.941,14.093,9.596,0,0,3.824,0,0,0,0,0,0,0,0,0,3.639,0,0,0,0.766,3.322,0,5.289,0,0,0,0,0,0,0,0,0,0,5.738,369.07,-7.564,369.868,3,1,4,21,4,25,25,28,0,0,4,4,25,28,0,1,4,4,1,1,16,0,0,0,0,0,0,0,0,0,2,21,4,0,0,1,3,0,0,0,4,25,0.191,0.21,109.035,75.28,568.735,521.066,356.79,0.64241,17.3885,12.1902,10.8573,1.53845,0,9.60418,15.4099,9.16855,7.06607,0.90037,0,5.35912,1.26039,372.738,505.754,1.71205,70.1941,3.38346,1.88418,1.96188,18.3673,16.2688,7.93499,6.59496,3.70408,2.94948,4.29169,25,28,40,9,0,56,0.72858,271.958,325.212,136,5.19462,5.15418,0.64694,-0.00026,-325.611,38.129,0.7985,-1.27971,-0.0573,0.20149,0.14198,0.01261,435.506,-697.952,-31.2475,109.894,6.88149,0.92638,0.21693,3.30058,0.18905,1.50681,0.07361,545.4,505.251,40.1486,237.525,-380.663,-17.0424,59.9364,3.75316,66.28,10.23,3.47833,56.05,197.613,4.46289,16.0664,100.576,0.58161,48.5938,0.84015,10.7631,31.4206,0.81091,3.6,269.94
CHEMBL3731664,7.82,3.314,96.211,2,6,3,0,0,5,0,0,0,0,0,0,0,0,0,1,0,0,0,2,2,0,0,0,0,0,0,0,0,1,1,1.257,10.701,13.255,0,0,3.065,0,0,0,0,0,0,0,0,0,1.988,0,0,0,1.288,6.459,0,0,0,0,0,0,0,0,0,9.12,2.06,0,3.178,338.105,-5.448,338.794,3,2,6,17,3,24,24,26,0,0,4,4,24,26,0,1,6,6,2,2,15,0,0,0,0,0,0,0,0,0,2,17,3,0,0,0,3,0,0,0,5,24,0.236,0.25,129.939,86.52,548.818,498.011,345.26,0.6947,16.9409,11.707,9.9988,1.27315,0,8.48339,13.8011,7.86786,5.50574,0.59458,0,3.71317,0.97957,324.581,429.05,1.60335,62.5307,3.60538,1.91959,2.00527,18.7811,15.9657,9.08734,7.10971,4.8034,3.55056,4.72965,24,26,35,7,0,46,0.78635,251.94,296.423,122,9.79995,9.46153,2.5531,0.00138,-258.633,51.5593,0.72282,-1.25373,-0.07278,0.27717,0.21952,0.01606,419.489,-727.595,-42.2362,160.856,9.32312,0.87299,0.15599,1.94479,0.18143,1.70906,0.127,580.346,506.638,73.708,243.449,-422.257,-24.5116,93.3524,5.41063,103.85,-2.68,3.81258,106.53,236.941,4.93468,17.2714,101.475,0.47089,50.6452,0.8378,12.4767,35.4663,0.81216,3.5,256.9
CHEMBL3731570,6.68,4.559,119.068,2,9,2,0,1,7,0,0,0,0,0,1,0,0,1,2,0,0,0,2,2,0,1,0,0,0,0,0,0,0,0,1.294,15.905,9.485,0,5.261,4.214,0,0,0,0,0,12.625,0,0,-0.204,3.54,0,0,0,0.982,6.104,0,5.288,0,0,0,0,0,0,0,0,0,0,4.559,436.13,-7.242,436.891,5,2,7,22,4,31,31,34,0,0,5,6,31,34,0,1,5,7,2,2,21,0,0,0,0,0,0,0,0,0,3,22,4,0,0,1,3,0,0,0,7,31,0.186,0.205,124.886,89.28,667.928,600.662,435.45,0.70122,21.7943,15.084,13.2131,1.81161,0,11.3918,17.8634,10.1669,7.17666,0.76452,0,4.97886,1.08096,470.255,616.131,1.68052,87.3874,3.87323,1.64233,1.71807,24.1349,20.8367,11.4215,9.15759,5.92592,4.52395,6.1553,31,34,47,10,0,63,0.7818,354.371,413.947,162,4.92432,4.8499,0.85291,-2.00E-05,-258.368,56.9973,0.6968,-1.68179,-0.06705,0.30319,0.3338,0.01978,457.385,-1103.93,-44.0114,199.018,12.9859,0.84322,0.14406,2.25361,0.22096,1.76115,0.15677,656.403,553.493,102.91,300.229,-724.623,-28.8892,130.636,8.52399,68.7,12.72,4.60836,55.98,187.858,5.86738,20.5359,122.879,0.56658,60.8267,0.84627,10.5609,30.0664,0.81341,3.5,321.04
CHEMBL3731566,7.38,4.115,97.5,2,2,2,0,0,4,0,0,0,0,0,0,0,0,0,2,0,0,1,5,2,0,0,0,0,0,0,0,0,0,2,1.478,3.642,9.22,0,0,2.731,0,0,0,0,0,0,0,0,0,4.028,0,0,8.785,2.97,6.418,0,0,0,0,0,0,0,0,0,0,6.043,0,3.924,332.14,-5.742,332.828,2,3,5,11,2,23,23,24,0,0,4,4,23,24,0,1,5,5,3,3,21,0,0,0,0,0,0,0,0,0,1,11,2,0,0,0,2,0,0,0,8,23,0.193,0.197,110.779,70.07,573.421,509.274,355.18,0.67941,16.6565,11.1894,9.14717,1.06903,0,7.3765,14.1658,8.15717,5.33838,0.47673,0,3.43714,1.14194,283.826,369.16,1.60203,70.4895,3.38162,2.35579,2.45237,19.3264,17.3258,10.0957,8.56279,5.5,4.47293,6.45033,23,24,31,6,0,40,0.74755,232.192,268.078,110,6.42261,-3.36683,5.46941,0.00039,-394.628,59.6297,0.81665,-1.47262,-0.08513,0.18334,0.1156,0.01056,508.87,-917.606,-53.0454,114.242,6.58432,0.8249,0.21976,12.0087,0.22739,2.25184,0.17509,623.112,514.007,109.105,317.083,-571.772,-33.0532,71.1855,4.10277,136.39,2.41,3.71752,133.98,233.585,5.74556,20.1095,105.382,0.44026,59.156,0.84048,11.9029,33.8682,0.81296,3.5,279.54
CHEMBL3731538,5.93,5.471,80.339,2,2,2,0,0,4,0,0,0,0,0,0,0,0,0,2,0,0,0,2,2,0,1,0,0,0,1,0,0,0,0,0.623,2.412,8.597,0,0,0.279,0,0,0,0,0,0,0,0,0,3.774,0,0,0,1.221,6.038,0,3.882,0,0,0,-4.821,0,0,0,0,0,0,5.464,334.081,-5.182,334.725,3,2,5,11,2,20,22,23,0,0,4,6,22,23,0,1,5,5,2,2,14,0,0,0,0,0,0,0,0,0,1,11,2,0,0,0,2,0,0,0,6,22,0.16,0.182,81.308,59.07,507.974,456.901,323.18,0.65227,16.3281,10.3358,10.0626,2.62969,0,6.82259,12.6394,6.96258,4.70782,0.57797,0,2.92738,1.30704,287.194,398.93,1.99871,71.9537,3.15239,2.38633,2.57041,18.3403,16.5684,7.71349,6.53333,4.99671,4.11704,4.92033,22,23,33,10,0,39,0.7069,219.289,254.084,112,11.0455,10.5987,3.10792,-0.11124,-438.446,48.1006,0.92626,-1.75047,-0.08526,0.07373,0.08692,0.00827,476.365,-900.237,-43.8441,37.9196,4.25654,0.89616,0.14317,1.72232,0.44719,0,0.10383,514.285,460.885,53.4001,244.988,-462.979,-22.5483,19.5015,2.18907,36.17,-2.26,2.93776,38.43,206.982,2.79264,14.5634,84.1033,0.54561,46.9321,0.61796,10.5843,34.9845,0.63382,5.2149,236.32
CHEMBL3731442,5.23,2.962,98.517,2,2,2,0,0,4,0,0,0,0,0,2,0,0,2,2,0,0,1,5,2,0,0,0,0,0,0,0,0,0,0,1.256,3.416,9.107,0,0,2.335,0,0,0,0,0,22.506,0,0,-1.164,3.94,0,0,8.665,1.293,6.317,0,0,0,0,0,0,0,0,0,0,0,0,1.302,364.13,-4.688,364.827,4,2,7,11,2,25,25,26,0,0,4,6,25,26,0,1,7,7,3,3,21,0,0,0,0,0,0,0,0,0,1,11,2,0,0,0,2,0,0,0,9,25,0.281,0.277,164.457,104.21,584.992,522.321,375.96,0.67382,18.397,11.9391,10.6099,1.76595,0,7.88996,14.9823,8.53346,5.9302,0.67324,0,3.87801,1.23019,324.581,429.05,1.7305,79.6034,3.41366,2.24759,2.35673,21.3018,19.0798,10.3641,8.73117,6.28231,5.10902,6.66354,25,26,35,8,0,43,0.73509,258.347,296.423,122,5.79894,5.76765,-0.60159,0.00084,-361.014,69.8437,0.8057,-1.7377,-0.10283,0.19429,0.1946,0.01546,475.739,-1026.05,-60.7126,114.725,9.13116,0.70449,0.15381,6.95501,0.2582,2.55689,0.2955,590.464,415.979,174.485,280.906,-605.844,-35.8486,67.7409,5.39161,34.76,-1.96,3.49658,36.72,243.842,5.22661,18.2931,104.235,0.46988,53.703,0.83876,12.1264,34.6342,0.81602,3.5,282.63
CHEMBL3731422,9,3.337,88.145,2,2,2,0,0,4,0,0,0,0,0,0,0,0,0,2,0,0,1,3,2,0,0,0,0,0,0,0,0,0,2,1.408,3.519,9.115,0,0,2.537,0,0,0,0,0,0,0,0,0,4.003,0,0,8.778,1.303,6.366,0,0,0,0,0,0,0,0,0,0,5.396,0,3.146,304.109,-4.877,304.775,2,3,5,11,2,21,21,22,0,0,4,4,21,22,0,1,5,5,3,3,17,0,0,0,0,0,0,0,0,0,1,11,2,0,0,0,2,0,0,0,6,21,0.211,0.218,110.779,70.07,523.862,468.251,320.34,0.69716,15.2423,10.1894,8.44006,1.06903,0,6.8765,12.7516,7.15717,4.66934,0.47673,0,3.05631,0.98832,255.981,339.763,1.6666,63.331,3.40398,2.48791,2.60003,17.3554,15.3606,8.58501,7.11458,4.48753,3.54223,5.204,21,22,29,6,0,38,0.77498,206.51,240.215,102,2.83595,0.8983,2.68992,0.00045,-390.719,60.3071,0.84959,-1.47919,-0.09227,0.1504,0.10217,0.01565,474.77,-826.601,-51.5611,84.0511,8.74605,0.8009,0.22031,12.417,0.21106,2.09005,0.19909,558.821,447.564,111.257,265.311,-461.922,-28.8134,46.9695,4.88747,126.77,18.61,3.25092,108.16,191.953,4.81645,16.8576,94.3431,0.52874,49.4764,0.83856,10.5844,29.8228,0.80503,3.5,250.38
CHEMBL3731276,5.72,5.25,93.542,2,6,2,0,0,6,0,0,0,0,0,0,0,0,0,2,0,0,0,1,1,0,1,0,0,0,0,0,0,0,0,1.432,11.057,9.389,0,0,4.179,0,0,0,0,0,0,0,0,0,3.59,0,0,0,0.741,3.253,0,5.246,0,0,0,0,0,0,0,0,0,0,5.25,347.059,-6.451,348.226,3,1,4,17,3,21,23,25,0,0,5,5,23,25,0,1,4,4,1,1,15,0,0,0,0,0,0,0,0,0,2,17,3,0,0,0,3,0,0,0,4,23,0.122,0.139,66.2207,47.04,540.016,496.106,338.23,0.68693,16.397,11.1177,9.84114,1.49379,0,8.3872,14.2417,7.92742,5.77714,0.7358,0,3.94702,1.04347,316.2,429.05,1.69937,64.5761,3.48008,2.14531,2.23939,17.8112,15.9946,7.92,6.70537,3.9837,3.24493,4.66304,23,25,35,8,0,47,0.76932,238.776,282.193,120,3.32815,3.31154,-0.3321,0.00048,-306.321,38.1351,0.78847,-1.1958,-0.05887,0.21152,0.14386,0.01295,418.631,-634.896,-31.255,112.31,6.88012,0.92479,0.22923,3.48779,0.19507,1.60191,0.0752,530.941,491.011,39.9299,222.268,-337.092,-16.5945,59.6298,3.65293,44.43,-2.5,3.16225,46.93,193.799,4.51928,15.8183,94.5835,0.55136,46.2158,0.83472,10.8447,30.7501,0.8101,3.50017,250.38
CHEMBL3731202,5.24,5.218,108.159,2,6,2,0,0,6,0,0,0,0,0,0,0,0,0,2,0,0,1,2,2,0,0,0,0,0,0,0,0,0,2,1.419,10.385,9.265,0,0,3.475,0,0,0,0,0,0,0,0,0,4.018,0,0,9.531,1.496,6.426,0,0,0,0,0,0,0,0,0,0,6.051,0,5.197,366.125,-6.854,366.844,2,3,5,17,3,26,26,28,0,0,5,5,26,28,0,1,5,5,3,3,19,0,0,0,0,0,0,0,0,0,2,17,3,0,0,0,3,0,0,0,6,26,0.185,0.187,110.779,70.07,597.7,535.906,373.36,0.7172,18.5183,12.6009,11.013,1.56183,0,8.93873,15.3538,8.78236,6.00977,0.6346,0,3.94185,0.92307,360.025,474.842,1.59964,71.9842,3.77736,1.99183,2.06256,20.727,17.9953,9.97229,8.04601,5.5177,4.24915,5.56886,26,28,38,8,0,49,0.80361,278.585,325.212,132,5.27103,-2.81608,4.45573,0.00012,-541.086,58.7534,0.91329,-1.69905,-0.08183,0.0867,0.05856,0.00793,597.844,-1112.2,-53.5599,56.7587,5.19355,0.83726,0.19396,10.1836,0.21226,2.10199,0.16273,654.603,548.078,106.525,391.35,-728.049,-35.0605,37.1544,3.39971,193.24,-0.71,4.33236,193.95,235.814,5.81943,20.368,114.414,0.47989,60.1833,0.84422,11.7053,33.4076,0.81544,3.5,295.32
CHEMBL3731199,5.85,5.18,97.456,4,7,2,0,1,5,0,0,0,0,0,0,0,0,0,2,0,0,0,1,1,0,1,0,0,0,0,0,0,0,0,3.226,13.367,9.425,0,5.964,3.057,0,0,0,0,0,0,0,0,0,3.588,0,0,0,0.72,3.255,0,5.269,0,0,0,0,0,0,0,0,0,0,5.18,353.093,-6.61,353.802,4,1,5,21,4,25,25,28,0,0,4,4,25,28,0,1,4,5,1,1,16,0,0,0,0,0,0,0,0,0,2,21,4,0,0,1,3,0,0,0,4,25,0.15,0.174,82.9594,60.18,552.601,499.591,345.77,0.64241,17.3885,12.1902,10.8573,1.53845,0,9.60418,14.5934,8.35205,5.98229,0.66467,0,4.2363,1.26039,372.738,505.754,1.66327,68.1941,3.38346,1.88095,1.97151,18.3673,15.8721,7.93499,6.34951,3.70408,2.81494,4.0312,25,28,40,9,0,56,0.72858,271.958,325.212,136,2.80454,2.80397,0.05629,-0.00017,-302.976,42.3694,0.77796,-1.37864,-0.06256,0.22203,0.19334,0.01518,423.981,-751.335,-34.0939,121.005,8.27553,0.8897,0.19618,2.98493,0.15478,1.23365,0.11029,544.985,484.876,60.1088,231.063,-409.466,-18.5806,65.9457,4.51004,67.12,17.88,3.42606,49.24,197.483,4.53322,15.8663,98.1145,0.5743,46.4309,0.83611,10.7675,30.5522,0.81069,3.5,261.02
CHEMBL3731180,6.59,4.383,101.923,2,2,2,0,0,4,0,0,0,0,0,1,0,0,1,3,0,0,0,4,2,0,1,0,0,0,0,0,0,0,2,1.377,3.526,9.185,0,0,2.484,0,0,0,0,0,11.101,0,0,-0.282,5.73,0,0,0,1.845,6.385,0,4.932,0,0,0,0,0,0,0,0,5.702,0,4.192,360.135,-5.969,360.838,4,2,6,11,2,25,25,26,0,0,4,5,25,26,0,1,6,6,2,2,21,0,0,0,0,0,0,0,0,0,1,11,2,0,0,0,2,0,0,0,9,25,0.18,0.198,108.147,76.14,600.566,534.447,383.69,0.69954,18.2338,12.0832,10.0957,1.35771,0,8.16679,15.3279,8.59853,5.52546,0.53566,0,3.57125,1.07019,318.307,413.947,1.66927,76.7865,3.57366,2.25203,2.36363,21.3018,18.9713,10.9827,9.20881,6.28231,5.05397,6.9881,25,26,34,7,0,43,0.76954,258.347,296.423,120,9.65878,9.58953,-1.15455,0.00044,-426.733,62.2507,0.81813,-1.62156,-0.07493,0.18186,0.17909,0.01788,548.704,-1087.54,-50.253,121.971,11.9977,0.81679,0.15282,3.17668,0.26548,2.62895,0.1832,670.674,547.805,122.87,368.002,-729.384,-33.7034,81.8027,8.04657,166.81,5.06,4.36811,161.75,186.962,6.40228,22.408,114.679,0.47902,66.2435,0.84464,10.6837,30.1607,0.80658,3.5,301.15
CHEMBL3731179,7.18,3.746,92.896,2,2,2,0,0,4,0,0,0,0,0,0,0,0,0,3,0,0,0,3,2,0,1,0,0,0,0,0,0,0,2,1.489,3.639,9.208,0,0,2.74,0,0,0,0,0,0,0,0,0,5.64,0,0,0,1.904,6.419,0,4.921,0,0,0,0,0,0,0,0,5.881,0,3.555,318.125,-5.542,318.801,3,2,5,11,2,22,22,23,0,0,4,4,22,23,0,1,5,5,2,2,19,0,0,0,0,0,0,0,0,0,1,11,2,0,0,0,2,0,0,0,7,22,0.147,0.171,81.308,59.07,550.412,489.937,344.46,0.66229,15.9494,10.6894,8.79362,1.06903,0,7.1265,13.7126,7.53787,4.94423,0.47673,0,3.19376,1.19384,269.87,354.413,1.6329,66.949,3.26558,2.41901,2.53531,18.3403,16.3424,9.33333,7.8303,4.99671,4.00939,5.81663,22,23,30,6,0,39,0.73228,219.289,254.084,106,2.18733,2.16265,0.32768,0.00021,-294.635,50.0031,0.74635,-1.29053,-0.06541,0.25364,0.18243,0.01821,446.313,-771.726,-39.1104,151.678,10.8927,0.86844,0.2151,5.25481,0.19934,1.78147,0.13155,597.992,519.32,78.6714,266.892,-461.486,-23.3877,90.7025,6.51377,138.49,0.7,3.50558,137.79,175.357,5.46914,19.142,100.375,0.49344,56.0247,0.83622,10.6268,30.0766,0.80864,3.5,265.48
CHEMBL3731165,5.7,6.104,113.874,2,11,2,0,0,7,0,0,0,0,0,0,0,0,0,2,0,0,0,1,1,0,1,0,0,0,0,0,0,0,0,1.461,22.137,9.734,0,0,5.903,0,0,0,0,0,0,0,0,0,3.636,0,0,0,0.741,3.35,0,5.324,0,0,0,0,0,0,0,0,0,0,6.104,389.129,-8.009,389.877,3,1,4,23,4,26,28,31,0,0,5,5,28,31,0,1,4,4,1,1,20,0,0,0,0,0,0,0,0,0,3,23,4,0,0,0,4,0,0,0,5,28,0.107,0.12,66.2207,47.04,617.23,555.428,390.51,0.63541,19.5099,13.707,11.8314,1.47728,0,10.4013,16.4945,9.52714,6.74542,0.69116,0,4.84437,1.37016,417.81,552.659,1.51755,72.8428,3.43719,1.92183,1.98231,21.2404,18.415,9.87128,7.96621,4.69444,3.59947,5.23921,28,31,43,9,0,60,0.71498,312.765,369.16,148,6.33174,4.49034,4.46405,0.00022,-358.321,39.1358,0.81199,-1.45647,-0.05639,0.188,0.1218,0.01176,466.283,-836.371,-32.3777,107.962,6.75811,0.94186,0.19382,2.82438,0.20481,1.78082,0.05813,574.245,540.863,33.3816,267.761,-480.282,-18.5927,61.9968,3.88081,81.95,8.21,3.15896,73.74,392.123,4.14853,14.5199,111.631,0.54659,42.3109,0.83257,14.0656,40.6779,0.82629,3.5,297.72
CHEMBL3731151,5.33,2.94,74.097,2,2,2,0,0,4,0,0,0,0,0,0,0,0,0,3,0,0,0,1,1,0,2,0,0,0,0,0,0,0,0,1.507,3.621,8.926,0,0,2.688,0,0,0,0,0,0,0,0,0,5.201,0,0,0,0.783,3.141,0,10.487,0,0,0,0,0,0,0,0,0,0,2.94,311.027,-3.907,312.162,4,1,5,11,2,18,18,19,0,0,4,4,18,19,0,1,5,5,1,1,14,0,0,0,0,0,0,0,0,0,1,11,2,0,0,0,2,0,0,0,4,18,0.154,0.197,72.2514,56.27,467.165,429.496,284.48,0.64466,13.121,8.6894,7.32566,1.06903,0,6.33732,12.0367,6.31651,4.34039,0.52242,0,3.02411,1.19498,214.699,296.423,1.77883,56.9226,2.97493,2.49128,2.63644,14.41,13.1978,6.43787,5.60051,3.13469,2.63018,4.10634,18,19,26,6,0,35,0.71342,168.967,199.421,90,1.99381,-1.06978,-1.68253,0.00016,-117.458,36.2041,0.63127,-0.95473,-0.05875,0.36872,0.28309,0.02218,282.42,-427.127,-26.2799,164.962,9.92426,0.84475,0.22909,4.27113,0.18647,1.26107,0.15524,447.383,377.927,69.4561,126.35,-191.089,-11.7572,73.8013,4.43994,29.58,-3.05,2.48108,32.63,142.069,3.18739,11.7933,75.2849,0.63932,34.9161,0.80017,9.98507,29.3225,0.79368,3.7,206.48
CHEMBL3731055,6.22,2.578,96.52,2,2,4,0,1,6,0,0,0,0,0,0,0,0,0,2,0,0,1,4,2,0,0,0,0,0,0,0,0,0,0,1.343,3.52,17.394,0,5.101,3.143,0,0,0,0,0,0,0,0,0,3.994,0,0,8.961,1.709,6.394,0,0,0,0,0,0,0,0,0,0,0,0,2.565,362.126,-4.627,362.814,5,3,8,16,3,25,25,27,0,0,5,5,25,27,0,1,7,8,3,3,19,0,0,0,0,0,0,0,0,0,2,16,3,0,0,1,2,0,0,0,7,25,0.269,0.296,155.969,108.99,579.1,518.844,367.54,0.68494,17.8112,12.1557,10.4294,1.40924,0,8.72782,14.7613,8.46469,5.69477,0.59128,0,3.78885,1.13058,345.371,459.5,1.7726,77.9946,3.51326,1.98516,2.10608,19.7531,17.3755,9.27392,7.62385,4.64639,3.64283,5.29874,25,27,37,8,0,50,0.75654,265.211,310.764,128,3.04782,2.40666,1.87008,0.00078,-335.412,63.3161,0.79462,-1.6945,-0.0945,0.20537,0.21028,0.01673,452.311,-964.524,-53.7886,116.899,9.52745,0.79907,0.18564,10.0249,0.18604,1.52777,0.20092,569.21,454.842,114.368,257.46,-549.017,-30.617,66.5399,5.42312,59.27,14.43,3.45387,44.84,207.093,5.23545,18.3241,100.719,0.49398,53.6777,0.83695,11.127,31.681,0.81349,3.5,272.68
CHEMBL3731002,7.8,3.468,127.086,2,2,2,0,0,4,0,0,0,0,0,0,0,0,0,2,0,0,1,10,2,0,0,0,2,0,0,0,0,0,2,1.474,3.657,9.501,0,0,2.723,0,0,0,0,0,0,0,0,0,4.215,0,0,8.906,8.73,6.738,0,0,0,4.883,0,0,0,0,0,0,5.898,0,1.549,430.225,-5.247,430.974,2,3,7,11,2,28,30,32,0,0,5,5,30,32,0,1,7,7,3,3,31,0,0,0,0,0,0,0,0,0,2,17,3,0,0,0,3,0,0,0,10,30,0.142,0.163,101.029,76.55,706.835,620.802,467.52,0.70919,21.3467,14.6009,12.4153,1.56183,0,10.0398,18.5957,10.9784,7.87975,0.85845,0,5.40929,1.14548,419.119,536.955,1.55045,94.5776,3.7614,1.62875,1.70623,24.6387,22.5724,12.8889,11.3273,7.53577,6.44204,8.52283,30,32,42,8,0,53,0.76655,333.051,384,148,8.89545,6.63772,-5.92197,-0.00115,-245.297,64.8264,0.65821,-1.56175,-0.07179,0.34178,0.24192,0.01183,510.252,-1210.67,-55.6514,264.954,9.17491,0.8353,0.16661,9.28305,0.20256,2.05485,0.16469,775.206,647.532,127.674,395.55,-938.521,-43.1413,205.394,7.11245,161.37,51.43,4.85141,109.94,322.056,6.95724,26.7789,136.074,0.39703,80.3822,0.77985,12.7982,38.139,0.77421,3.84906,391.7
CHEMBL3730838,6.71,3.145,113.415,2,2,2,0,0,4,0,0,0,0,0,0,0,0,0,3,0,0,0,8,2,0,1,0,2,0,0,0,0,0,0,1.513,3.621,9.428,0,0,2.669,0,0,0,0,0,0,0,0,0,5.828,0,0,0,8.399,6.728,0,5.283,0,4.896,0,0,0,0,0,0,0,0,2.328,392.209,-3.947,392.926,3,2,7,11,2,25,27,29,0,0,5,5,27,29,0,1,7,7,2,2,29,0,0,0,0,0,0,0,0,0,2,17,3,0,0,0,3,0,0,0,8,27,0.111,0.153,71.5583,65.55,644.647,566.513,427.41,0.69613,19.2254,13.1009,11.3278,1.56183,0,9.38565,17.1425,9.92101,7.25906,0.84521,0,5.11685,1.19868,374.726,490.261,1.57339,88.11,3.5562,1.58258,1.67505,21.7027,20.0743,10.6838,9.50288,5.99039,5.1938,7.06532,27,29,39,8,0,50,0.7479,292.06,339.763,136,13.533,11.2075,7.58505,-0.01254,-151.057,40.1887,0.6182,-1.32708,-0.04946,0.38179,0.27858,0.01344,394.999,-847.921,-31.5979,243.941,8.59084,0.88513,0.16195,2.46412,0.19651,1.56628,0.11486,638.94,565.546,73.3938,252.38,-541.771,-20.1892,155.864,5.48903,32.28,-3.31,4.03677,35.59,258.173,4.72844,20.3809,112.059,0.4393,63.3411,0.72103,12.5156,38.338,0.71067,4.31028,320.36
CHEMBL3730580,5.8,4.143,104.043,2,5,2,0,0,7,0,0,0,0,0,1,2,0,1,2,0,0,0,1,1,0,2,0,0,0,0,0,0,0,0,1.3,8.853,9.418,0,0,4.033,0,0,0,0,0,12.157,2.786,0,-0.107,3.535,0,0,0,0.674,3.232,0,10.653,0,0,0,0,0,0,0,0,0,0,4.143,381.088,-5.947,381.812,5,1,6,17,3,27,27,30,0,0,5,5,27,30,0,1,6,6,1,1,16,0,0,0,0,0,0,0,0,0,2,22,4,0,0,0,4,0,0,0,4,27,0.171,0.2,99.0906,73.34,579.099,524.949,365.83,0.74649,18.9659,13.1009,11.7264,1.74356,0,10.3806,15.5016,8.79309,6.3296,0.73684,0,4.51027,0.76869,409.272,552.659,1.70653,73.3811,3.98618,1.84361,1.92907,20.28,17.6057,8.78853,7.07524,4.15999,3.18689,4.61351,27,30,43,10,0,60,0.83833,299.071,354.413,146,3.06734,-2.69567,-1.46354,0.0002,-173.783,53.4872,0.65195,-1.28387,-0.07387,0.34804,0.36036,0.01967,372.8,-734.138,-42.2356,199.018,11.2517,0.81543,0.17656,2.79992,0.18352,1.32975,0.18456,571.818,466.279,105.539,213.174,-419.793,-24.1511,113.802,6.4339,50.28,-2.44,3.94932,52.72,265.778,4.69331,16.4266,105.121,0.53654,48.3342,0.84069,11.9271,33.9371,0.81296,3.5,278.85
CHEMBL3730512,6.44,3.109,74.459,2,2,2,0,0,4,0,0,0,0,0,0,0,0,0,2,0,0,1,2,2,0,0,0,0,0,0,0,0,0,0,1.254,3.121,8.884,0,0,1.648,0,0,0,0,0,0,0,0,0,3.978,0,0,9.574,1.502,6.281,0,0,0,0,0,0,0,0,0,0,0,0,2.555,266.093,-3.301,266.727,2,3,5,11,2,18,18,19,0,0,4,4,18,19,0,1,5,5,3,3,15,0,0,0,0,0,0,0,0,0,1,11,2,0,0,0,2,0,0,0,4,18,0.24,0.256,110.779,70.07,459.904,412.788,273.58,0.63876,13.121,8.65139,7.51504,1.13807,0,6.18373,11.0444,6.211,4.18101,0.46911,0,2.72399,1.22222,214.699,296.423,1.72248,56.8421,2.9477,2.48794,2.62203,14.41,12.8563,6.43787,5.37025,3.32179,2.65093,3.83564,18,19,26,6,0,34,0.70689,168.967,199.421,90,2.17558,1.99148,0.87588,-5.00E-05,-370.545,44.972,0.90973,-1.42542,-0.0895,0.09026,0.05756,0.00995,411.363,-644.545,-40.4696,40.8179,4.50249,0.80374,0.22928,10.3179,0.22485,1.79219,0.19625,452.181,363.436,88.745,186.011,-291.451,-18.2996,18.4571,2.03594,30.77,-2.75,2.50596,33.52,125.524,3.65042,12.7765,74.5868,0.57904,36.7989,0.82291,10.0818,28.4443,0.8061,3.5,202.71
CHEMBL3730455,7.18,3.235,87.321,2,4,4,0,0,5,0,0,0,0,0,0,0,0,0,3,0,0,0,1,1,0,1,0,0,0,0,0,0,0,0,1.392,6.825,17.305,0,0,3.225,0,0,0,0,0,0,0,0,0,5.188,0,0,0,0.727,3.215,0,5.227,0,0,0,0,0,0,0,0,0,0,3.235,317.104,-4.802,317.773,4,1,6,16,3,22,22,24,0,0,5,5,22,24,0,1,5,6,1,1,16,0,0,0,0,0,0,0,0,0,2,16,3,0,0,1,2,0,0,0,4,22,0.181,0.197,94.672,64.86,522.556,470.229,328.61,0.72824,15.6899,10.6177,9.49949,1.49379,0,8.06206,13.3475,7.28006,5.23649,0.66229,0,3.5557,0.81818,301.678,413.947,1.716,65.2082,3.64124,2.13812,2.25937,16.8438,14.7446,7.26643,5.90248,3.59168,2.78161,3.95589,22,24,34,8,0,46,0.81652,225.723,268.078,116,3.47133,3.45869,-0.29603,2.00E-05,-47.7482,36.0383,0.54739,-0.89019,-0.05222,0.4526,0.34115,0.01932,275.749,-448.431,-26.3036,228.001,9.7347,0.86863,0.21378,3.25267,0.17613,1.40389,0.13136,503.75,437.574,66.1761,138.908,-225.897,-13.2505,114.855,4.90385,57.37,15.12,2.93999,42.25,160.36,4.12892,14.4512,88.7316,0.62,42.034,0.83105,9.90333,28.0375,0.80888,3.5,238.72
CHEMBL3730427,5.12,2.838,105.947,2,10,4,0,0,6,0,0,0,0,0,0,0,0,0,2,0,0,0,1,1,0,2,0,0,0,0,0,0,0,0,1.431,18.434,17.885,0,0,4.617,0,0,0,0,0,0,0,0,0,3.203,0,0,0,0.582,3.38,0,10.798,0,0,0,0,0,0,0,0,0,0,2.843,373.154,-5.685,373.408,6,1,7,23,4,26,28,31,0,0,4,4,28,31,0,1,7,7,1,1,19,0,0,0,0,0,0,0,0,0,3,23,4,0,0,0,4,0,0,0,6,28,0.166,0.211,100.703,82.05,605.175,536.588,387.86,0.59645,19.3467,13.7795,11.703,1.3402,0,10.3048,15.586,8.75181,6.06744,0.55993,0,4.30605,1.58088,411.079,536.955,1.58524,74.5067,3.22647,1.75358,1.83824,21.2404,17.9672,10.3469,8.07732,5.2016,3.8326,5.1831,28,31,42,8,0,57,0.67115,312.765,369.16,146,5.60974,5.26653,-1.93205,-3.00E-05,105.486,49.5437,0.40844,-0.87725,-0.06079,0.59155,0.51649,0.02521,235.308,-505.383,-35.0199,340.793,14.5237,0.80997,0.16132,3.07674,0.15231,1.21404,0.19002,576.101,466.629,109.473,135.561,-291.152,-20.175,196.332,8.36715,58.73,-3.39,3.54034,62.12,318.72,4.68457,15.9289,108.07,0.56516,45.5872,0.84166,12.0045,33.6069,0.82331,3.40029,281.94
CHEMBL3730400,6.66,5.085,104.721,4,7,3,0,0,5,0,0,0,0,0,0,0,0,0,3,0,0,0,1,1,0,1,0,0,0,0,0,0,0,0,3.439,13.456,14.124,0,0,3.584,0,0,0,0,0,0,0,0,0,5.405,0,0,0,0.743,3.303,0,5.288,0,0,0,0,0,0,0,0,0,0,5.085,366.125,-6.979,366.844,3,1,5,21,4,26,26,29,0,0,5,5,26,29,0,1,4,5,1,1,19,0,0,0,0,0,0,0,0,0,2,21,4,0,0,1,3,0,0,0,4,26,0.138,0.139,80.4463,51.97,581.857,523.243,372.81,0.69505,18.2588,12.6009,11.3729,1.74356,0,10.1322,15.6323,8.82816,6.53405,0.8238,0,4.73605,1.01402,394.108,536.955,1.59964,71.9842,3.68641,1.88024,1.95747,19.3222,16.8178,8.16326,6.59089,3.8058,2.92754,4.26325,26,29,42,10,0,59,0.78427,285.467,339.763,142,7.12396,6.81934,2.0609,0.00014,-338.48,32.7568,0.80029,-1.36214,-0.04607,0.1997,0.13349,0.01205,451.031,-767.673,-25.9616,112.551,6.79518,0.9272,0.20426,3.06402,0.19847,1.58191,0.07279,563.582,522.555,41.0279,254.193,-432.647,-14.6315,63.4319,3.82964,72.01,18.36,3.45744,53.65,220.25,4.76865,16.6903,103.574,0.54887,49.0663,0.83994,11.3062,32.0892,0.81091,3.5,278.51
CHEMBL3730386,8.3,3.658,92.899,2,2,2,0,0,4,0,0,0,0,0,0,0,0,0,2,0,0,1,4,2,0,0,0,0,0,0,0,0,0,2,1.449,3.592,9.174,0,0,2.654,0,0,0,0,0,0,0,0,0,4.017,0,0,8.788,1.975,6.395,0,0,0,0,0,0,0,0,0,0,5.819,0,3.467,318.125,-5.278,318.801,2,3,5,11,2,22,22,23,0,0,4,4,22,23,0,1,5,5,3,3,19,0,0,0,0,0,0,0,0,0,1,11,2,0,0,0,2,0,0,0,7,22,0.201,0.207,110.779,70.07,548.641,488.762,337.76,0.66229,15.9494,10.6894,8.79362,1.06903,0,7.1265,13.4587,7.65717,4.98483,0.47673,0,3.21405,1.19384,269.87,354.413,1.6329,66.949,3.26558,2.42819,2.53232,18.3403,16.3424,9.33333,7.8303,4.99671,4.00939,5.81663,22,23,30,6,0,39,0.73228,219.289,254.084,106,3.33872,-2.57905,2.12028,-0.00082,-361.583,60.525,0.80439,-1.43267,-0.08891,0.1956,0.12942,0.013,477.758,-850.902,-52.8032,116.174,7.72182,0.81375,0.22196,12.3669,0.2167,2.14589,0.18624,593.932,483.317,110.614,283.755,-505.378,-31.3615,68.9995,4.58623,139.95,3.54,3.51097,136.41,176.422,5.43944,19.0381,99.7125,0.49286,55.8362,0.83796,10.6268,30.0764,0.80864,3.5,264.1
CHEMBL3730340,5.6,2.305,76.139,2,2,2,0,0,4,0,0,0,0,0,0,0,0,0,4,0,0,0,1,2,0,2,0,0,0,0,0,0,0,0,1.51,3.638,9.072,0,0,2.72,0,0,0,0,0,0,0,0,0,7.032,0,0,0,0.779,6.207,0,10.538,0,0,0,0,0,0,0,0,0,0,2.305,262.143,-2.906,262.308,4,2,6,11,2,19,19,20,0,0,4,4,19,20,0,1,6,6,2,2,18,0,0,0,0,0,0,0,0,0,1,11,2,0,0,0,2,0,0,0,5,19,0.183,0.231,87.3387,68.3,476.455,415.935,295.63,0.56271,13.8281,9.2274,7.5167,1,0,6.65459,11.5727,6.08453,3.89705,0.35875,0,2.75057,1.61867,228.397,310.764,1.61041,59.5854,2.62924,2.50646,2.66849,15.39,13.5102,7.1358,5.81344,3.36596,2.59043,4.13374,19,20,27,6,0,37,0.61894,181.343,212.877,94,1.78054,1.72457,-0.44294,0.00027,-121.364,39.8055,0.63332,-1.11797,-0.06504,0.36667,0.28324,0.02241,288.259,-508.846,-29.6022,166.895,10.2033,0.81136,0.19627,3.65932,0.1856,1.47933,0.18863,455.154,369.294,85.86,131.202,-231.603,-13.4735,75.9627,4.64408,32.42,-3.43,2.40365,35.85,121.742,3.72535,12.6676,77.1735,0.60753,35.5966,0.82638,10.0277,27.6349,0.81045,3.40038,211.63
CHEMBL3730264,4.78,2.687,103.418,2,2,2,0,0,4,0,0,0,0,0,0,0,0,0,3,0,0,0,6,1,0,2,0,2,0,0,0,0,0,0,1.525,3.679,9.241,0,0,2.737,0,0,0,0,0,0,0,0,0,5.395,0,0,0,6.295,3.381,0,10.669,0,4.819,0,0,0,0,0,0,0,0,1.916,409.111,-3.459,410.309,4,1,7,11,2,23,25,27,0,0,5,5,25,27,0,1,7,7,1,1,24,0,0,0,0,0,0,0,0,0,2,17,3,0,0,0,3,0,0,0,6,25,0.104,0.158,62.5016,62.75,600.578,541.023,396.83,0.6828,17.8112,12.1009,10.5938,1.56183,0,9.00057,16.4667,9.13775,6.88176,0.90415,0,4.99627,1.21458,345.371,459.5,1.67316,81.9852,3.42927,1.61086,1.70926,19.7531,18.4705,9.27392,8.37359,5.04166,4.45125,6.18656,25,27,37,8,0,48,0.73845,265.211,310.764,128,10.6962,5.14061,-9.37989,-0.02161,66.1759,39.5208,0.44362,-0.91995,-0.04729,0.55637,0.46563,0.02005,260.368,-539.926,-27.7501,326.543,11.7707,0.85709,0.16708,3.25821,0.17106,1.07424,0.1429,586.911,503.037,83.8738,152.813,-316.889,-16.2869,191.652,6.90835,31.63,-2.89,3.65228,34.52,344.855,4.30761,18.3179,103.183,0.47663,56.9977,0.73171,11.8183,36.5501,0.72727,4.25243,298.75
CHEMBL3730091,7.44,3.153,151.542,2,2,2,0,0,4,0,0,0,0,0,0,0,0,0,2,0,0,1,14,2,0,0,0,4,0,0,0,0,0,2,1.485,3.709,9.804,0,0,2.754,0,0,0,0,0,0,0,0,0,4.351,0,0,9.023,12.764,7.054,0,0,0,9.701,0,0,0,0,0,0,5.979,0,0.82,514.294,-4.193,515.094,2,3,9,11,2,32,36,39,0,0,6,6,36,39,0,1,9,9,3,3,39,0,0,0,0,0,0,0,0,0,3,23,4,0,0,0,4,0,0,0,11,36,0.111,0.147,91.2794,83.03,815.468,711.817,562.45,0.64261,25.3299,17.5124,15.3299,2.05463,0,12.453,22.3186,13.2997,10.0676,1.24017,0,7.15836,1.61039,547.308,696.846,1.53092,114.819,3.55953,1.41299,1.48716,28.9941,26.8612,14.963,13.3814,9.02911,7.90244,9.98444,36,39,52,10,0,65,0.6885,425.321,490.261,182,6.08916,5.96892,1.20346,0.03862,42.6139,68.4458,0.47634,-1.38318,-0.06283,0.52365,0.41892,0.01315,429.087,-1245.95,-56.5933,471.701,11.8525,0.84005,0.13614,7.58539,0.17929,1.81877,0.15994,900.787,756.709,144.078,386.516,-1122.34,-50.9785,424.902,10.6766,178.76,11.85,4.82976,166.91,1631,5.65149,21.8668,161.878,0.373,68.2239,0.80636,19.847,61.0496,0.795,3.86919,466.13
CHEMBL3729776,7.39,3.835,83.51,2,2,2,0,0,4,0,0,0,0,0,0,0,0,0,1,0,0,1,3,1,0,0,0,0,0,0,0,0,0,2,1.289,3.458,8.673,0,0,2.003,0,0,0,0,0,0,0,0,0,1.954,0,0,8.73,1.137,3.046,0,0,0,0,0,0,0,0,0,0,5.742,0,3.835,309.044,-5.527,310.179,2,2,4,11,2,20,20,21,0,0,4,4,20,21,0,1,4,4,2,2,13,0,0,0,0,0,0,0,0,0,1,11,2,0,0,0,2,0,0,0,5,20,0.19,0.19,95.6915,58.04,503.585,462.227,305.3,0.68735,14.5352,9.65139,8.22215,1.13807,0,6.67414,12.3854,6.91346,4.75471,0.5476,0,3.09081,1,242.157,325.212,1.76671,58.3014,3.32192,2.41604,2.52247,16.3719,14.8605,7.85204,6.75653,4.25,3.52726,5.02028,20,21,28,6,0,36,0.76862,193.859,226.477,98,8.10826,-6.83866,4.35623,-0.00107,-316.836,57.4543,0.7905,-1.19796,-0.09137,0.20949,0.14343,0.01398,431.078,-653.267,-49.8255,114.242,7.62883,0.81721,0.26086,14.5344,0.24259,1.93357,0.18278,545.319,445.641,99.6783,235.075,-356.239,-27.1708,62.2983,4.16015,110.9,7.81,3.56162,103.09,146.753,5.11649,17.9084,90.5683,0.52108,52.3898,0.8358,9.70524,27.4222,0.80725,3.50013,236.66
CHEMBL3729640,6.13,3.059,103.349,2,6,3,0,0,5,0,0,0,0,0,0,0,0,0,3,0,0,0,3,2,0,2,0,0,0,0,0,0,0,0,1.494,11.295,13.457,0,0,3.934,0,0,0,0,0,0,0,0,0,5.246,0,0,0,2.377,6.64,0,10.72,0,0,0,0,0,0,0,0,0,0,3.065,353.185,-4.962,353.418,5,2,7,17,3,24,26,28,0,0,4,4,26,28,0,1,7,7,2,2,23,0,0,0,0,0,0,0,0,0,2,17,3,0,0,0,3,0,0,0,8,26,0.168,0.211,101.564,81.19,601.467,526.763,383.67,0.63694,18.3551,12.745,10.5434,1.20412,0,9.04224,15.2436,8.55205,5.67929,0.4766,0,3.96924,1.39479,353.544,459.5,1.5665,76.7586,3.30564,1.79948,1.89883,20.727,18.0341,10.5186,8.55117,5.5177,4.26626,5.93124,26,28,37,7,0,49,0.70326,278.585,325.212,130,6.63922,5.1496,4.19057,0.00029,-63.9975,48.7373,0.55423,-1.19487,-0.06148,0.44576,0.37103,0.02112,327.02,-705.019,-36.2742,263.022,12.4631,0.82481,0.16071,2.85849,0.17228,1.37318,0.17518,590.042,486.675,103.366,192.955,-415.99,-21.4033,155.194,7.35372,46.13,-3.33,3.51135,49.46,277.067,5.06619,17.2298,104.661,0.44878,49.1681,0.83908,13.5353,38.4358,0.83496,3.40094,281.25
CHEMBL3729537,6.05,5.797,100.173,2,2,2,0,0,4,0,0,0,0,0,0,0,0,0,3,0,0,0,5,2,0,0,0,0,0,0,0,0,0,2,1.568,3.754,9.293,0,0,2.936,0,0,0,0,0,0,0,0,0,6.224,0,0,0,4.709,6.47,0,0,0,0,0,0,0,0,0,0,6.314,0,5.605,330.161,-6.96,330.855,2,2,4,11,2,23,23,24,0,0,4,4,23,24,0,1,4,4,2,2,23,0,0,0,0,0,0,0,0,0,1,11,2,0,0,0,2,0,0,0,8,23,0.129,0.137,75.2773,49.84,583.281,516.054,362.73,0.67941,16.6565,11.1894,9.14717,1.06903,0,7.3765,14.7186,8.54805,5.61478,0.47673,0,3.63258,1.14194,283.826,369.16,1.45615,66.9833,3.38162,2.36264,2.45014,19.3264,17.3652,10.0957,8.59242,5.5,4.4924,6.48736,23,24,31,6,0,40,0.74755,232.192,268.078,110,1.92639,-1.30794,-1.41432,0.00045,-475.767,43.2136,0.8768,-1.36019,-0.0606,0.12319,0.07198,0.00785,553.539,-858.701,-38.2554,77.7714,4.9582,0.91442,0.17441,2.36519,0.24537,2.19282,0.08557,631.31,577.287,54.0234,349.455,-542.106,-24.1511,49.0979,3.13016,143.04,3.2,3.69616,139.84,175.951,5.90961,20.6836,106.829,0.48682,61.3714,0.84775,10.6093,30.0271,0.80864,3.5,287.43
CHEMBL3729424,6.57,4.884,90.971,2,2,2,0,0,4,0,0,0,0,0,0,0,0,0,3,0,0,0,3,2,0,0,0,0,0,0,0,0,0,2,1.552,3.712,9.227,0,0,2.897,0,0,0,0,0,0,0,0,0,6.062,0,0,0,2.364,6.439,0,0,0,0,0,0,0,0,0,0,6.091,0,4.693,302.13,-5.957,302.802,2,2,4,11,2,21,21,22,0,0,4,4,21,22,0,1,4,4,2,2,19,0,0,0,0,0,0,0,0,0,1,11,2,0,0,0,2,0,0,0,6,21,0.141,0.152,75.2773,49.84,533.722,475.031,327.89,0.69716,15.2423,10.1894,8.44006,1.06903,0,6.8765,13.3043,7.54805,4.86477,0.47673,0,3.15403,0.98832,255.981,339.763,1.50416,60.1665,3.40398,2.49683,2.59713,17.3554,15.3998,8.58501,7.14287,4.48753,3.56,5.23804,21,22,29,6,0,38,0.77498,206.51,240.215,102,2.29034,2.07198,0.97598,0.00069,-407.293,38.9706,0.85843,-1.23853,-0.06026,0.14156,0.08231,0.00833,487.721,-703.668,-34.2353,80.4282,4.73527,0.90337,0.18753,2.74819,0.24657,2.44172,0.09662,568.149,513.251,54.8983,277.098,-399.788,-19.4508,45.6952,2.69034,125.25,-0.45,3.17442,125.7,188.236,4.84643,16.9625,95.7008,0.53071,49.7456,0.8379,10.6307,30.3171,0.81481,3.5,255.87
CHEMBL3729183,5.99,4.564,98.978,2,5,2,0,1,5,0,0,0,0,0,0,0,0,0,2,0,0,0,2,2,0,0,0,0,0,0,0,0,0,2,1.472,8.622,9.26,0,5.009,3.501,0,0,0,0,0,0,0,0,0,4.036,0,0,0,1.527,6.437,0,0,0,0,0,0,0,0,0,0,6.066,0,4.551,340.109,-6.693,340.807,3,2,5,16,3,24,24,26,0,0,4,4,24,26,0,1,4,5,2,2,17,0,0,0,0,0,0,0,0,0,2,16,3,0,0,1,2,0,0,0,6,24,0.162,0.18,92.0161,62.98,566.423,508.541,349.2,0.69342,16.9409,11.707,10.0257,1.27315,0,8.36848,14.2375,8.11948,5.47147,0.56006,0,3.61688,1,324.581,429.05,1.63692,67.1141,3.58496,1.99651,2.08301,18.7811,16.1585,9.08734,7.24119,4.8034,3.63164,4.87528,24,26,35,7,0,46,0.78189,251.94,296.423,122,3.0651,3.04874,-0.31624,0.00044,-349.904,48.5893,0.78221,-1.32171,-0.0632,0.21778,0.15963,0.01518,484.917,-819.363,-39.1739,135.013,9.4154,0.86966,0.19201,5.26696,0.19561,1.74814,0.13033,619.93,539.133,80.7967,300.615,-507.948,-24.285,83.6987,5.83689,173.39,17.99,3.97321,155.4,200.435,5.48569,19.1999,105.165,0.4933,56.4665,0.84027,11.1034,31.6139,0.81349,3.5,273.37
CHEMBL3729175,7.72,4.764,93.717,2,2,2,0,0,4,0,0,0,0,0,0,0,0,0,2,0,0,0,4,2,0,0,1,0,0,0,0,0,0,2,1.585,3.771,9.289,0,0,2.979,0,0,0,0,0,0,0,0,0,4.07,0,0,0,3.987,6.47,0,0,0.547,0,0,0,0,0,0,0,6.411,0,4.563,314.13,-6.111,314.813,2,2,4,11,2,21,22,24,0,0,4,4,22,24,0,1,4,4,2,2,19,0,0,0,0,0,0,0,0,0,2,14,3,1,0,0,2,0,0,0,6,22,0.14,0.155,75.2773,49.84,534.702,476.324,320.86,0.7133,15.5267,10.707,9.31856,1.27315,0.28867,7.30198,13.5888,8.09256,5.75306,0.62107,0.28867,3.45383,0.90909,295.827,398.93,1.49907,61.4621,3.55034,1.99797,2.07256,16.8438,14.927,7.71349,6.41218,4.52111,3.6256,4.35065,22,24,33,7,1,41,0.79614,225.723,268.078,114,2.32973,2.18802,-0.80015,0.00114,-482.561,40.0553,0.90609,-1.32371,-0.05918,0.0939,0.05594,0.00823,538.353,-786.473,-35.1605,55.7925,4.89484,0.90944,0.18521,2.55207,0.24064,2.15053,0.09055,594.146,540.341,53.8047,319.86,-467.279,-20.8905,33.1489,2.90825,206.1,26.99,3.44312,179.11,188.262,5.20425,18.2149,99.574,0.51549,53.6657,0.84178,10.6045,30.2426,0.81481,3.5,265.82
CHEMBL3729062,5.85,4.771,102.659,4,8,3,0,0,5,0,0,0,0,0,0,0,0,0,2,0,0,0,1,1,0,1,0,0,0,0,0,0,0,0,3.391,15.344,14.058,0,0,3.571,0,0,0,0,0,0,0,0,0,3.616,0,0,0,0.737,3.315,0,5.297,0,0,0,0,0,0,0,0,0,0,4.773,364.109,-6.835,364.828,4,1,5,22,4,26,26,29,0,0,4,4,26,29,0,1,5,5,1,1,17,0,0,0,0,0,0,0,0,0,2,22,4,0,0,0,4,0,0,0,4,26,0.14,0.166,80.4463,59.93,570.573,515.373,361,0.6934,18.0956,12.707,11.1243,1.47728,0,9.90132,15.2097,8.72027,6.20948,0.67237,0,4.4782,1.01017,387.726,521.319,1.61404,69.4039,3.69026,1.95979,2.03593,19.3222,16.6947,8.56632,6.86132,3.93816,2.99234,4.40567,26,29,41,9,0,58,0.78508,285.467,339.763,140,3.82798,3.72052,0.90063,0.00048,-231.328,38.6205,0.71229,-1.24022,-0.05567,0.2877,0.21796,0.01522,388.078,-675.704,-30.328,156.75,8.29253,0.9006,0.19967,2.9524,0.17515,1.48062,0.09939,544.829,490.673,54.1554,211.436,-368.143,-16.5236,85.4022,4.518,58.04,-1.74,3.21969,59.78,272.903,4.11695,14.4094,101.982,0.57821,41.9889,0.83257,12.2402,35.0096,0.8172,3.5,267.53
CHEMBL3728942,5.2,2.831,71.498,2,2,2,0,0,4,0,0,0,0,0,0,0,0,0,3,0,0,0,1,1,0,2,0,0,0,0,0,0,0,0,1.368,3.528,8.69,0,0,2.13,0,0,0,0,0,0,0,0,0,5.125,0,0,0,0.729,3.056,0,10.438,0,0,0,0,0,0,0,0,0,0,2.831,267.077,-3.538,267.711,4,1,5,11,2,18,18,19,0,0,4,4,18,19,0,1,5,5,1,1,14,0,0,0,0,0,0,0,0,0,1,11,2,0,0,0,2,0,0,0,4,18,0.158,0.201,72.2514,56.27,456.179,409.912,279.84,0.64466,13.121,8.6894,7.32566,1.06903,0,6.33732,11.2066,5.90147,3.94727,0.42962,0,2.73475,1.19498,214.699,296.423,1.77883,56.9226,2.97493,2.48548,2.65089,14.41,13.0124,6.43787,5.47516,3.13469,2.5562,3.95804,18,19,26,6,0,35,0.71342,168.967,199.421,90,1.98681,-1.11988,-1.64114,9.00E-05,-110.319,38.9331,0.62501,-0.96277,-0.06513,0.37498,0.29838,0.02311,275.765,-424.781,-28.7352,165.445,10.1979,0.83861,0.22493,4.19351,0.20873,1.51245,0.16138,441.21,370.004,71.2059,121.67,-187.418,-12.6783,72.9962,4.49941,29.53,-2.97,2.47173,32.5,117.561,3.56377,12.4732,73.7797,0.66384,35.8027,0.8201,8.9103,24.9489,0.8,3.5,202.71
CHEMBL3728895,5.77,4.927,137.071,2,5,3,0,0,6,0,0,0,0,0,1,0,0,1,5,0,0,0,5,1,0,2,0,2,0,1,0,0,0,0,1.368,9.309,14.261,0,0,4.11,0,0,0,0,0,12.329,0,0,-0.274,9.207,0,0,0,3.242,3.293,0,10.799,0,3.9,0,-0.5,0,0,0,0,0,0,4.927,498.215,-5.898,499.005,6,1,9,17,3,31,35,38,0,0,6,9,35,38,0,1,8,9,1,1,31,0,0,0,0,0,0,0,0,0,3,23,4,0,0,0,4,0,0,0,7,35,0.14,0.173,103.566,92.71,737.843,653.157,533.4,0.71571,25.1646,16.6792,15.913,3.50148,0,12.3654,21.517,12.0448,9.69332,1.9778,0,5.85406,1.14285,561.087,745.95,1.65134,108.989,3.98642,1.46453,1.54708,28.0194,25.094,12.24,10.3118,7.1053,5.8036,7.39326,35,38,55,15,0,70,0.77718,410.98,474.842,186,1.67823,1.37628,0.95898,0.0518,-232.071,54.4236,0.65463,-1.79068,-0.05397,0.34536,0.45962,0.01855,491.229,-1343.7,-40.4967,259.158,13.9269,0.86959,0.12711,2.04295,0.26583,1.79774,0.1304,750.387,652.535,97.8517,368.612,-1008.29,-30.3882,194.468,10.4506,64.11,9.4,5.30529,54.71,263.627,3.87975,22.8878,136.275,0.49379,78.6651,0.5826,12.0576,42.4846,0.59726,5.8993,395.82
CHEMBL3728714,6.24,4.768,100.818,2,2,2,0,0,4,0,0,0,0,0,0,0,0,0,2,0,0,0,5,2,0,0,0,0,0,0,0,0,1,3,1.477,3.651,9.238,0,0,2.734,0,0,0,0,0,0,0,0,0,4.028,0,0,0,3.487,6.425,0,0,0,0,0,0,0,0,0,8.529,8.222,0,4.577,341.141,-6.673,341.838,2,2,5,11,2,24,24,25,0,0,4,4,24,25,0,1,5,5,2,2,20,0,0,0,0,0,0,0,0,0,1,11,2,0,0,0,2,0,0,0,8,24,0.197,0.198,115.714,73.63,586.883,524.694,371.12,0.70176,17.3636,11.6894,9.50073,1.06903,0,7.6265,14.6658,8.4181,5.52289,0.47673,0,3.56761,1,297.848,384,1.52518,67.1081,3.58496,2.30067,2.38727,20.3136,17.8477,10.8711,8.95734,6.0464,4.74591,6.66114,24,25,32,6,0,41,0.78189,245.213,282.193,114,3.85357,3.70877,1.04644,-0.00018,-370.963,51.1049,0.78464,-1.26781,-0.06632,0.21535,0.14716,0.0121,511.289,-826.119,-43.2139,140.327,7.89103,0.91642,0.16746,2.34414,0.20977,2.07733,0.08357,651.616,597.155,54.4608,333.164,-538.312,-28.1588,91.4391,5.14192,144.52,15.79,4.08783,128.73,260.877,6.04476,21.1567,110.367,0.41988,62.4055,0.84276,12.424,35.8149,0.82363,3.5,286.4
CHEMBL3728706,6.08,3.201,102.772,2,6,3,0,0,5,0,0,0,0,0,0,0,0,0,3,0,0,0,3,2,0,2,0,0,0,0,0,0,0,0,1.484,11.378,13.742,0,0,3.721,0,0,0,0,0,0,0,0,0,5.24,0,0,0,2.267,6.615,0,10.716,0,0,0,0,0,0,0,0,0,0,3.202,353.185,-4.887,353.418,5,2,7,17,3,26,26,28,0,0,4,4,26,28,0,1,7,7,2,2,23,0,0,0,0,0,0,0,0,0,2,17,3,0,0,0,3,0,0,0,8,26,0.168,0.211,101.564,81.19,601.467,526.763,383.02,0.63694,18.3551,12.745,10.5434,1.20412,0,9.04224,15.2436,8.56212,5.6449,0.45004,0,3.9135,1.39479,353.544,459.5,1.5665,76.7586,3.30564,1.79858,1.89909,20.727,18.0341,10.5186,8.55117,5.5177,4.26626,5.93124,26,28,37,7,0,49,0.70326,278.585,325.212,130,5.40552,4.30531,3.26864,0.00027,-66.5599,47.284,0.55602,-1.19886,-0.05977,0.44397,0.37786,0.01983,330.306,-712.181,-35.5029,263.747,11.7811,0.84404,0.16069,2.89262,0.16849,1.34295,0.15595,594.053,501.408,92.6447,196.22,-423.073,-21.0906,156.679,6.99861,46.08,-3.73,3.51099,49.81,274.983,5.06981,17.2441,104.771,0.44962,49.2145,0.83908,13.5128,38.2261,0.83169,3.40132,282.28
CHEMBL3728634,6.6,3.648,104.905,2,2,2,0,0,4,0,0,0,0,0,0,0,0,0,2,0,0,0,8,2,0,1,0,1,0,0,0,0,0,0,1.522,3.621,9.395,0,0,2.69,0,0,0,0,0,0,0,0,0,3.646,0,0,0,9.016,6.707,0,5.27,0,2.518,0,0,0,0,0,0,0,0,2.195,363.183,-4.848,363.885,3,2,6,11,2,23,25,27,0,0,4,4,25,27,0,1,6,6,2,2,26,0,0,0,0,0,0,0,0,0,2,16,3,0,0,1,2,0,0,0,8,25,0.125,0.162,76.4331,62.31,608.057,536.139,383.92,0.67367,17.6481,12.207,10.3523,1.27315,0,8.72497,15.6953,9.34134,6.66289,0.6216,0,4.71964,1.26039,339.036,444.235,1.57674,80.414,3.38346,1.66049,1.7517,19.7531,18.1698,9.79629,8.648,5.25848,4.50931,6.28529,25,27,36,7,0,47,0.72858,265.211,310.764,126,10.4272,8.8385,5.52539,-0.2783,-344.224,38.9108,0.78696,-1.50643,-0.05274,0.21303,0.14618,0.01214,471.992,-903.494,-31.6256,127.767,7.28524,0.89221,0.18162,2.76332,0.20896,1.61503,0.10778,599.759,535.114,64.6451,283.081,-541.879,-18.9677,76.6296,4.36938,45.86,10.04,3.63926,35.82,250.83,4.37227,18.3126,104.271,0.46072,56.7704,0.74016,12.3585,37.569,0.7258,4.18835,294.29
CHEMBL3728456,6.15,2.738,98.595,2,6,3,0,0,5,0,0,0,0,0,0,0,0,0,3,0,0,0,2,2,0,2,0,0,0,0,0,0,0,0,1.466,11.143,13.499,0,0,3.706,0,0,0,0,0,0,0,0,0,5.225,0,0,0,1.355,6.571,0,10.698,0,0,0,0,0,0,0,0,0,0,2.742,339.17,-4.492,339.392,5,2,7,17,3,25,25,27,0,0,4,4,25,27,0,1,7,7,2,2,21,0,0,0,0,0,0,0,0,0,2,17,3,0,0,0,3,0,0,0,7,25,0.176,0.221,101.564,81.19,576.688,506.251,366.25,0.62008,17.6481,12.245,10.1898,1.20412,0,8.80066,14.5365,8.05205,5.36188,0.4766,0,3.69652,1.45058,339.036,444.235,1.5908,73.1769,3.19326,1.89885,2.00707,19.7531,17.066,9.79629,7.8683,5.04166,3.83756,5.37122,25,27,36,7,0,48,0.68763,265.211,310.764,126,5.32078,4.94232,1.97083,0.00024,-29.7791,47.9392,0.52646,-1.11899,-0.06196,0.47353,0.40687,0.02326,296.183,-629.523,-34.8531,266.403,13.0862,0.826,0.16301,2.86449,0.16724,1.33301,0.17399,562.586,464.696,97.8895,166.628,-354.161,-19.6078,149.875,7.36209,45.06,-3.94,3.32231,49,214.946,4.78572,16.2835,99.9556,0.49341,46.4712,0.83875,12.4407,34.864,0.82363,3.40252,268.56
CHEMBL3728435,8.1,3.406,122.22,2,2,2,0,0,4,0,0,0,0,0,0,0,0,0,2,0,0,1,9,2,0,0,0,2,0,0,0,0,0,2,1.467,3.65,9.489,0,0,2.704,0,0,0,0,0,0,0,0,0,4.199,0,0,8.898,7.393,6.724,0,0,0,4.816,0,0,0,0,0,0,5.892,0,2.627,416.209,-4.769,416.948,2,3,7,11,2,27,29,31,0,0,5,5,29,31,0,1,7,7,3,3,29,0,0,0,0,0,0,0,0,0,2,17,3,0,0,0,3,0,0,0,9,29,0.148,0.17,101.029,76.55,682.055,600.29,450.1,0.71048,20.6396,14.1009,12.0617,1.56183,0,9.78975,17.8886,10.4784,7.52619,0.85845,0,5.18621,1.11601,404.273,521.319,1.57125,91.133,3.74196,1.69475,1.77813,23.6587,21.5953,12.1428,10.6049,7,5.93659,7.8971,29,31,41,8,0,52,0.77027,319.295,369.16,144,5.87929,2.56994,-5.28781,0.02353,-161.104,64.3441,0.6081,-1.42442,-0.07322,0.39189,0.2864,0.01314,453.109,-1061.35,-54.5511,292.005,9.79307,0.82982,0.16877,9.40321,0.19619,1.99017,0.17017,745.114,618.315,126.799,337.618,-790.829,-40.6468,217.577,7.29695,159.82,45.68,4.39418,114.14,423.498,6.05233,23.2474,131.367,0.39363,69.5657,0.77905,14.3555,43.04,0.78055,3.84105,369.41
CHEMBL3728250,6.89,3.419,96.936,2,6,3,0,0,5,0,0,0,0,0,0,0,0,0,2,0,0,0,2,2,0,1,0,0,0,0,0,0,0,0,1.426,11.016,13.398,0,0,3.521,0,0,0,0,0,0,0,0,0,3.591,0,0,0,1.349,6.535,0,5.245,0,0,0,0,0,0,0,0,0,0,3.418,343.12,-5.208,343.811,4,2,6,17,3,24,24,26,0,0,4,4,24,26,0,1,6,6,2,2,18,0,0,0,0,0,0,0,0,0,2,17,3,0,0,0,3,0,0,0,6,24,0.17,0.204,95.5336,71.96,561.907,504.278,351.6,0.66697,16.9409,11.707,9.9988,1.27315,0,8.48339,14.2621,8.00662,5.54864,0.58134,0,3.76014,1.17769,324.581,429.05,1.67433,70.3222,3.40726,1.88481,1.98436,18.7811,16.4189,9.08734,7.41979,4.8034,3.74231,5.07604,24,26,35,7,0,46,0.74313,251.94,296.423,122,6.19727,5.85192,2.0399,0.00043,-149.913,43.3581,0.63583,-1.19185,-0.06058,0.36416,0.28041,0.01799,350.863,-657.677,-33.4263,200.95,9.93172,0.85987,0.18547,2.90142,0.18662,1.48743,0.14012,551.813,474.491,77.3219,193.611,-362.915,-18.4451,110.887,5.48045,44.07,-3.84,3.39153,47.91,217.895,4.63032,16.2061,97.1637,0.52631,47.4984,0.83739,11.3914,32.3312,0.81091,3.5,260.33
CHEMBL3728229,5.93,3.512,69.839,2,2,2,0,0,4,0,0,0,0,0,0,0,0,0,2,0,0,0,1,1,0,1,0,0,0,0,0,0,0,0,1.327,3.422,8.6,0,0,1.95,0,0,0,0,0,0,0,0,0,3.52,0,0,0,0.726,3.04,0,5.13,0,0,0,0,0,0,0,0,0,0,3.512,271.028,-4.215,272.131,3,1,4,11,2,17,17,18,0,0,4,4,17,18,0,1,4,4,1,1,11,0,0,0,0,0,0,0,0,0,1,11,2,0,0,0,2,0,0,0,3,17,0.15,0.177,66.2207,47.04,441.398,407.939,265.18,0.66496,12.4138,8.15139,7.13461,1.13807,0,6.02005,10.9323,5.85605,4.13403,0.53436,0,2.79837,1.05882,201.058,282.193,1.84798,51.7435,3.02863,2.49465,2.64772,13.4321,12.3594,5.76,5.03987,2.8797,2.4366,3.6641,17,18,25,6,0,33,0.74095,156.739,186.117,86,2.03712,0.34017,-2.00853,0.00037,-226.663,34.1518,0.76384,-0.98488,-0.06297,0.23615,0.16685,0.01654,328.104,-423.049,-27.0451,101.441,7.10666,0.8836,0.26963,4.04467,0.23509,1.70341,0.11639,429.545,379.549,49.9954,140.935,-181.718,-11.6171,43.5734,3.05263,28.56,-2.6,2.51063,31.16,110.795,3.66941,12.8434,71.5484,0.64865,37.0384,0.82393,8.58825,23.9236,0.79586,3.50011,194.82
CHEMBL3728173,6.2,3.797,92.856,2,2,2,0,0,4,0,0,0,0,0,1,0,0,1,3,0,0,0,2,2,0,1,0,0,0,0,0,0,0,2,1.289,3.387,9.09,0,0,2.238,0,0,0,0,0,11.13,0,0,-0.623,5.242,0,0,0,1.454,6.333,0,4.491,0,0,0,0,0,0,0,0,5.04,0,3.596,332.104,-5.481,332.785,4,2,6,11,2,23,23,24,0,0,4,5,23,24,0,1,6,6,2,2,17,0,0,0,0,0,0,0,0,0,1,11,2,0,0,0,2,0,0,0,7,23,0.196,0.218,108.147,76.14,551.006,493.424,348.99,0.70369,16.8196,11.0832,9.38861,1.35771,0,7.67521,13.9137,7.55389,4.95103,0.5184,0,3.23882,0.98934,289.877,384,1.73475,69.3902,3.53421,2.43794,2.56468,19.3264,17.0011,9.4746,7.76742,5.23497,4.09321,5.74152,23,24,32,7,0,41,0.78129,232.192,268.078,112,9.86186,9.7158,-1.69103,0.00039,-324.184,57.5257,0.76565,-1.40804,-0.07602,0.23434,0.22698,0.01826,467.167,-859.116,-46.3819,142.984,11.1438,0.78707,0.168,3.96016,0.34927,3.37439,0.21292,610.151,480.233,129.918,285.043,-524.19,-28.3,87.2415,6.79941,153.14,-0.29,3.75307,153.43,210.614,5.46536,19.1288,103.439,0.4819,56.1797,0.83912,11.2211,32.1157,0.81773,3.5,271.31
CHEMBL3728137,5.96,4.57,97.852,2,4,2,0,0,6,0,0,0,0,0,1,0,0,1,3,0,0,0,1,1,0,1,0,0,0,0,0,0,0,0,1.37,7.208,9.361,0,0,4.009,0,0,0,0,0,11.555,0,0,0.039,5.112,0,0,0,0.711,3.231,0,5.241,0,0,0,0,0,0,0,0,0,0,4.57,361.065,-6.054,361.846,4,1,5,16,3,24,24,26,0,0,5,6,24,26,0,1,5,5,1,1,16,0,0,0,0,0,0,0,0,0,2,16,3,0,0,1,2,0,0,0,5,24,0.243,0.256,135.875,92.35,557.973,510.414,360.41,0.73141,17.2672,11.5284,10.3984,1.70511,0,8.78324,15.0861,8.62866,6.63767,0.9191,0,4.95657,0.83333,336.856,459.5,1.81588,72.6354,3.75162,2.1123,2.21636,18.7811,16.8244,8.13148,6.84473,4.06559,3.29129,4.79828,24,26,37,9,0,50,0.81824,251.94,296.423,126,1.64961,-0.66413,1.51001,0.00039,-319.729,47.4486,0.7868,-1.34544,-0.07011,0.21319,0.19305,0.01502,438.559,-749.932,-39.0738,118.831,8.37482,0.84642,0.20333,3.26801,0.18328,1.37233,0.15357,557.39,471.79,85.6007,244.449,-418.005,-21.7794,66.2352,4.66804,55.92,9.29,3.36079,46.63,231.555,4.56121,16.4204,99.2171,0.52596,49.7422,0.84147,11.488,33.6259,0.81306,3.6,265.13
CHEMBL3728093,4.62,2.482,66.75,2,2,2,0,0,4,0,0,0,0,0,0,0,0,0,3,0,0,0,0,1,0,2,0,0,0,0,0,0,0,0,1.35,3.504,8.571,0,0,2.069,0,0,0,0,0,0,0,0,0,4.884,0,0,0,0,2.875,0,10.391,0,0,0,0,0,0,0,0,0,0,2.482,253.062,-3.175,253.685,4,1,5,11,2,17,17,18,0,0,4,4,17,18,0,1,5,5,1,1,12,0,0,0,0,0,0,0,0,0,1,11,2,0,0,0,2,0,0,0,3,17,0.167,0.213,72.2514,56.27,431.399,389.4,263.17,0.58405,12.4138,8.1894,6.94523,1.06903,0,6.20223,10.4995,5.34081,3.66694,0.42962,0,2.62733,1.42733,201.058,282.193,1.82942,53.0533,2.66012,2.55647,2.7311,13.4321,12.0382,5.76,4.82947,2.7128,2.17017,3.4199,17,18,25,6,0,34,0.6508,156.739,186.117,86,2.22355,-1.86806,-1.20607,0.00033,-83.0593,37.7429,0.6002,-0.9001,-0.06643,0.39979,0.31802,0.02464,248.746,-373.028,-27.5299,165.687,10.213,0.81235,0.23104,4.30744,0.20879,1.46242,0.18764,414.433,336.666,77.7674,103.089,-154.595,-11.4093,68.6662,4.23261,29.76,-2.81,2.3478,32.57,99.1478,3.0802,10.7807,68.8233,0.69726,30.5897,0.81069,9.1557,25.6979,0.80193,3.5,193.45
CHEMBL3728035,5.82,4.343,103.031,4,8,3,0,0,5,0,0,0,0,0,0,0,0,0,2,0,0,0,1,1,0,1,0,0,0,0,0,0,0,0,3.566,15.36,13.976,0,0,3.482,0,0,0,0,0,0,0,0,0,3.612,0,0,0,0.732,3.308,0,5.295,0,0,0,0,0,0,0,0,0,0,4.378,364.109,-6.875,364.828,4,1,5,22,4,26,26,29,0,0,4,4,26,29,0,1,5,5,1,1,17,0,0,0,0,0,0,0,0,0,2,22,4,0,0,0,4,0,0,0,4,26,0.14,0.165,80.4463,59.93,570.573,515.373,361.66,0.6934,18.0956,12.707,11.1243,1.47728,0,9.90132,15.2097,8.7102,6.24201,0.69116,0,4.50073,1.01017,387.726,521.319,1.61404,69.4039,3.69026,1.95907,2.03613,19.3222,16.6947,8.56632,6.86132,3.93816,2.99234,4.40567,26,29,41,9,0,58,0.78508,285.467,339.763,140,4.30778,3.9482,1.72298,0.00045,-220.048,40.7925,0.70164,-1.22273,-0.05894,0.29835,0.22081,0.01582,382.837,-667.147,-32.1589,162.789,8.63357,0.89353,0.1995,2.94988,0.17936,1.51621,0.10646,545.626,487.533,58.0924,208.886,-364.013,-17.5467,88.8217,4.7107,60.66,-1.7,3.22138,62.36,278.105,4.09882,14.3459,102.078,0.57297,41.7647,0.83179,12.4186,35.5693,0.81834,3.5,270.96
CHEMBL3727999,5.18,2.754,88.239,2,6,3,0,0,5,0,0,0,0,0,0,0,0,0,3,0,0,0,1,1,0,2,0,0,0,0,0,0,0,0,1.493,10.977,13.509,0,0,3.743,0,0,0,0,0,0,0,0,0,5.234,0,0,0,0.755,3.266,0,10.686,0,0,0,0,0,0,0,0,0,0,2.756,310.143,-4.458,310.35,5,1,6,17,3,21,23,25,0,0,4,4,23,25,0,1,6,6,1,1,18,0,0,0,0,0,0,0,0,0,2,17,3,0,0,0,3,0,0,0,5,23,0.163,0.207,86.477,69.16,529.722,466.784,333.91,0.65033,16.2338,11.2619,9.41032,1.13608,0,8.29379,13.3293,7.34494,4.88294,0.44208,0,3.46752,1.22889,310.179,413.947,1.58814,65.1141,3.29466,2.15574,2.26692,17.8112,15.3305,8.39273,6.68089,3.9837,2.9903,4.45309,23,25,34,7,0,47,0.72833,238.776,282.193,118,2.77177,2.77021,0.09315,4.00E-05,-8.68566,41.7447,0.50857,-0.92985,-0.05891,0.49142,0.38656,0.02355,257.458,-470.713,-29.8219,248.772,11.9228,0.83255,0.1895,3.53309,0.16865,1.38498,0.16744,506.23,421.463,84.7664,130.333,-238.289,-15.0967,125.936,6.03566,46.47,-2.56,2.89446,49.03,172.681,3.95188,13.4375,90.4229,0.61684,37.9269,0.83006,10.9089,30.5365,0.82323,3.40028,245.24
CHEMBL3727920,6.42,4.571,102.101,2,2,2,0,0,4,0,0,0,0,0,0,0,0,0,2,0,0,1,6,2,0,0,0,0,0,0,0,0,0,2,1.5,3.678,9.257,0,0,2.785,0,0,0,0,0,0,0,0,0,4.038,0,0,8.779,4.126,6.438,0,0,0,0,0,0,0,0,0,0,6.179,0,4.38,346.156,-6.237,346.854,2,3,5,11,2,24,24,25,0,0,4,4,24,25,0,1,5,5,3,3,23,0,0,0,0,0,0,0,0,0,1,11,2,0,0,0,2,0,0,0,9,24,0.185,0.188,110.779,70.07,598.201,529.786,372.6,0.67841,17.3636,11.6894,9.50073,1.06903,0,7.6265,14.8729,8.65717,5.69193,0.47673,0,3.68714,1.17769,297.848,384,1.57372,73.9651,3.40726,2.27762,2.36718,20.3136,18.3107,10.8711,9.31067,6.0464,4.98152,7.10353,24,25,32,6,0,41,0.74313,245.213,282.193,114,8.11172,-7.54527,2.97809,-0.00023,-428.731,61.6287,0.82713,-1.53312,-0.08427,0.17286,0.10848,0.00978,542.007,-1004.63,-55.2145,113.276,6.41423,0.8312,0.21381,11.9587,0.22847,2.26248,0.16879,655.283,544.673,110.61,355.168,-658.315,-36.1811,74.2277,4.20313,150.6,5.44,4.06796,145.16,176.081,6.28311,21.9909,110.714,0.47512,64.6844,0.8404,10.5961,29.9335,0.80712,3.5,297.38
CHEMBL3727853,6.46,3.506,114.804,2,6,3,0,0,5,0,0,0,0,0,0,0,0,0,1,0,0,0,6,1,0,0,0,2,0,0,0,0,1,1,1.27,10.79,13.934,0,0,2.839,0,0,0,0,0,0,0,0,0,2.155,0,0,0,6.016,3.433,0,0,0,4.786,0,0,0,0,0,9.26,2.095,0,2.73,407.163,-4.834,407.899,3,1,7,17,3,27,29,32,0,0,5,5,29,32,0,1,7,7,1,1,22,0,0,0,0,0,0,0,0,0,3,23,4,0,0,0,4,0,0,0,5,29,0.165,0.19,105.102,80.96,635.266,570.072,424.61,0.7045,20.217,14.1354,12.4874,1.69791,0,10.6398,17.0239,9.99206,7.54726,0.923,0,5.41009,1.04705,432.909,568.43,1.55482,79.296,3.81092,1.56723,1.63883,22.2031,19.5231,10.5434,8.70075,5.62663,4.4554,5.85745,29,32,44,9,0,58,0.78446,326.548,384,152,15.2433,10.7386,-10.8184,0.04244,-113.195,46.1717,0.58482,-1.2015,-0.05454,0.41517,0.35981,0.01465,390.226,-801.705,-36.3912,277.031,9.78054,0.91641,0.14786,1.00256,0.15501,1.49756,0.08358,667.256,611.483,55.7731,260.38,-534.943,-24.2823,184.85,6.52613,113.39,-1.29,4.16602,114.68,558.849,4.91124,19.1283,121.466,0.45401,58.2035,0.78125,13.9864,42.3732,0.77785,3.89478,337.51
CHEMBL3727820,6.62,3.587,97.318,2,6,2,0,0,6,0,0,0,0,0,1,0,0,1,2,1,0,0,1,1,0,1,0,0,0,0,0,0,0,0,1.29,10.43,9.32,0,0,3.384,0,0,0,0,0,11.461,0,0,-0.493,3.521,5.377,0,0,0.674,3.203,0,5.238,0,0,0,0,0,0,0,0,0,0,3.587,356.104,-5.636,356.806,4,2,6,17,3,25,25,27,0,0,5,6,25,27,0,1,5,6,2,3,17,0,0,0,0,0,0,0,0,0,2,17,3,0,0,0,3,0,0,0,5,25,0.26,0.25,145.591,90.13,558.746,503.409,359.12,0.74065,17.9743,12.0284,10.752,1.70511,0,9.02482,14.5934,8.10327,5.77887,0.68908,0,3.99791,0.79999,351.62,474.842,1.71266,71.9318,3.84385,2.15949,2.2536,19.7531,17.1337,8.79224,7.04404,4.46597,3.40094,4.82762,25,27,38,9,0,51,0.82772,265.211,310.764,130,4.14942,3.98179,1.16748,0.00034,-296.345,58.7305,0.77449,-1.58362,-0.09201,0.2255,0.20699,0.01679,418.075,-854.843,-49.664,121.729,9.06651,0.75648,0.17005,2.76947,0.26184,2.33994,0.24351,539.804,408.352,131.452,225.678,-461.448,-26.8088,65.7099,4.89413,45,-3.21,3.32623,48.21,175.184,4.41567,15.4549,99.4874,0.60909,44.8456,0.82905,10.5686,30.0883,0.81341,3.5,264.79
CHEMBL3727786,5.68,5.25,93.542,2,6,2,0,0,6,0,0,0,0,0,0,0,0,0,2,0,0,0,1,1,0,1,0,0,0,0,0,0,0,0,1.417,11.074,9.383,0,0,4.068,0,0,0,0,0,0,0,0,0,3.585,0,0,0,0.734,3.247,0,5.245,0,0,0,0,0,0,0,0,0,0,5.249,347.059,-6.448,348.226,3,1,4,17,3,23,23,25,0,0,5,5,23,25,0,1,4,4,1,1,15,0,0,0,0,0,0,0,0,0,2,17,3,0,0,0,3,0,0,0,4,23,0.122,0.139,66.2207,47.04,540.016,496.106,338.23,0.73843,16.397,11.1177,9.85304,1.49379,0,8.30364,14.2417,7.92742,5.7806,0.7358,0,3.91054,0.7826,316.2,429.05,1.69937,64.5761,3.74095,2.16853,2.26447,17.8112,15.9946,7.92,6.70537,3.9837,3.24493,4.66304,23,25,35,8,0,47,0.82699,238.776,282.193,120,3.24882,3.23095,-0.34022,0.0004,-307.019,38.4663,0.78901,-1.19818,-0.05953,0.21098,0.14392,0.01289,419.087,-636.418,-31.6192,112.068,6.84706,0.92442,0.22893,3.5323,0.19448,1.5971,0.07557,531.155,491.011,40.1442,222.6,-338.037,-16.7947,59.5256,3.63685,44.72,-2.57,3.09935,47.29,254.337,4.09136,14.3199,94.5731,0.56096,41.6893,0.83179,11.773,33.5235,0.81355,3.50002,252.79
CHEMBL3727770,6.72,4.539,87.572,2,5,2,0,0,5,0,0,0,0,0,0,0,0,0,2,0,0,0,1,1,0,1,0,0,0,0,0,0,0,0,1.512,9.658,9.382,0,0,3.835,0,0,0,0,0,0,0,0,0,3.623,0,0,0,0.781,3.267,0,5.237,0,0,0,0,0,0,0,0,0,0,4.537,319.055,-5.708,319.809,3,1,4,16,3,21,21,23,0,0,4,4,21,23,0,1,4,4,1,1,14,0,0,0,0,0,0,0,0,0,2,16,3,0,0,1,2,0,0,0,4,21,0.212,0.239,109.035,75.28,513.104,470.503,314.85,0.71357,14.8196,10.2239,8.86572,1.20511,0,7.72652,13.2552,7.81392,5.75881,0.64026,0,4.20854,0.85714,281.523,384,1.7961,62.8637,3.53517,2.1488,2.2548,15.879,14.2558,7.05078,5.97187,3.3471,2.72088,4.05399,21,23,32,7,0,44,0.80485,212.785,254.084,110,2.93372,2.80802,-0.84956,0.00059,-272.717,34.2924,0.781,-1.14267,-0.05665,0.21899,0.14975,0.01402,378.989,-554.488,-27.488,106.272,6.80443,0.91725,0.23762,3.56447,0.19481,1.50571,0.08274,485.26,445.107,40.1531,183.908,-269.071,-13.3388,51.5694,3.30192,53.2,8.59,2.87069,44.61,150.909,3.7224,13.4006,86.2736,0.645,39.841,0.82585,9.98142,29.2004,0.81263,3.6,234.26
CHEMBL3727706,6.76,3.082,108.55,2,2,2,0,0,4,0,0,0,0,0,0,0,0,0,3,0,0,0,7,2,0,1,0,2,0,0,0,0,0,0,1.506,3.614,9.416,0,0,2.651,0,0,0,0,0,0,0,0,0,5.81,0,0,0,7.053,6.715,0,5.278,0,4.829,0,0,0,0,0,0,0,0,2.31,378.193,-3.466,378.9,3,2,7,11,2,24,26,28,0,0,5,5,26,28,0,1,7,7,2,2,27,0,0,0,0,0,0,0,0,0,2,17,3,0,0,0,3,0,0,0,7,26,0.115,0.159,71.5583,65.55,619.867,546.001,409.99,0.69729,18.5183,12.6009,10.9742,1.56183,0,9.13565,16.4354,9.42101,6.90551,0.84521,0,4.89376,1.16786,360.025,474.842,1.59678,84.6294,3.53257,1.65751,1.75815,20.727,19.1016,9.97229,8.81376,5.5177,4.74783,6.47526,26,28,38,8,0,49,0.75154,278.585,325.212,132,10.5543,7.69099,7.22747,-0.07739,-77.3949,39.5095,0.56326,-1.19206,-0.04966,0.43673,0.32872,0.01493,344.523,-729.122,-30.3717,267.128,9.13771,0.88356,0.16427,2.42901,0.19056,1.47284,0.11643,611.651,540.435,71.2155,210.728,-445.968,-18.5769,163.389,5.58909,32.71,-3.41,3.59226,36.12,306.681,4.28127,18.121,107.4,0.45371,56.1262,0.73176,13.0629,40.0207,0.72382,4.23262,313.15
CHEMBL3727685,5.36,2.967,106.564,2,2,2,0,0,4,0,0,0,0,0,0,0,0,0,3,0,0,0,8,2,0,2,0,1,0,0,0,0,0,0,1.562,3.727,9.484,0,0,2.87,0,0,0,0,0,0,0,0,0,5.303,0,0,0,9.031,6.743,0,10.752,0,2.523,0,0,0,0,0,0,0,0,1.535,359.232,-4.128,359.466,4,2,7,11,2,24,26,28,0,0,4,4,26,28,0,1,7,7,2,2,29,0,0,0,0,0,0,0,0,0,2,16,3,0,0,1,2,0,0,0,9,26,0.132,0.179,82.4638,71.54,622.838,538.112,398.58,0.62786,18.3551,12.745,10.5434,1.20412,0,9.04224,15.9697,9.38677,6.47613,0.51686,0,4.65601,1.5196,353.544,459.5,1.50496,82.7731,3.18083,1.68444,1.78392,20.727,18.8199,10.5186,9.11543,5.5177,4.61885,6.59814,26,28,37,7,0,49,0.6767,278.585,325.212,130,9.95036,8.35516,5.39695,-0.27184,-226.264,43.3736,0.68581,-1.48494,-0.05425,0.31418,0.24362,0.01699,417.553,-904.092,-33.0255,191.289,10.3481,0.86004,0.16002,2.81188,0.18492,1.4739,0.13995,608.842,523.629,85.2127,254.223,-550.449,-20.1073,116.465,6.30038,47.08,10.03,3.57092,37.05,241.239,4.40216,18.402,106.573,0.43955,56.7186,0.73732,13.1755,39.7775,0.72222,4.18021,305.61
CHEMBL3727466,5.89,2.953,98.072,2,6,3,0,0,5,0,0,0,0,0,0,0,0,0,3,0,0,0,2,2,0,2,0,0,0,0,0,0,0,0,1.458,11.224,13.676,0,0,3.543,0,0,0,0,0,0,0,0,0,5.22,0,0,0,1.303,6.543,0,10.695,0,0,0,0,0,0,0,0,0,0,2.954,339.17,-4.45,339.392,5,2,7,17,3,25,25,27,0,0,4,4,25,27,0,1,7,7,2,2,21,0,0,0,0,0,0,0,0,0,2,17,3,0,0,0,3,0,0,0,7,25,0.176,0.222,101.564,81.19,576.688,506.251,365.6,0.62008,17.6481,12.245,10.1898,1.20412,0,8.80066,14.5365,8.06212,5.32168,0.45004,0,3.67687,1.45058,339.036,444.235,1.5908,73.1769,3.19326,1.89807,2.00729,19.7531,17.066,9.79629,7.8683,5.04166,3.83756,5.37122,25,27,36,7,0,48,0.68763,265.211,310.764,126,4.26742,4.19859,0.76334,-7.00E-05,-86.0238,47.0822,0.57655,-1.23835,-0.06112,0.42344,0.38057,0.02268,323.927,-695.74,-34.3363,237.903,12.7459,0.84172,0.16131,2.83465,0.15994,1.27484,0.15827,561.83,472.908,88.922,181.992,-390.888,-19.2912,133.661,7.16101,45.09,-4.17,3.3181,49.26,213.246,4.78013,16.2568,99.5978,0.49429,46.3729,0.83875,12.3945,34.9759,0.82974,3.4009,269.59
CHEMBL3727376,5.74,2.021,106.19,2,2,2,0,0,4,0,0,0,0,0,1,0,0,1,3,0,0,0,7,2,0,2,0,1,0,0,0,0,0,0,1.461,3.648,9.39,0,0,2.644,0,0,0,0,0,11.687,0,0,0.259,5.217,0,0,0,5.619,6.599,0,10.711,0,1.926,0,0,0,0,0,0,0,0,2.021,373.211,-3.599,373.449,5,2,8,11,2,27,27,29,0,0,5,5,27,29,0,1,7,8,2,2,27,0,0,0,0,0,0,0,0,0,2,16,3,0,0,1,2,0,0,0,9,27,0.175,0.218,109.303,88.61,623.432,541.599,405.97,0.6625,19.2254,13.1557,11.0612,1.40236,0,9.56916,16.1708,9.35182,6.41172,0.5351,0,4.5824,1.34313,374.726,490.261,1.57975,85.3068,3.41175,1.67289,1.77603,21.7027,19.3154,10.6838,8.96415,5.53846,4.45449,6.41282,27,29,39,8,0,52,0.71752,292.06,339.763,136,1.06065,0.77584,0.71602,-0.10178,-37.0864,56.4488,0.52987,-1.26348,-0.06886,0.47012,0.49158,0.02209,328.85,-784.131,-42.7336,291.764,13.7152,0.77951,0.14532,2.61592,0.20492,1.63335,0.22048,620.614,483.777,136.837,204.089,-486.642,-26.5211,181.073,8.51183,45.51,8.31,3.78176,37.2,261.685,4.82869,18.5437,110.108,0.44503,56.1672,0.7887,13.3423,39.5379,0.77164,3.84032,318.64
CHEMBL1995927,8.05,3.335,79.228,2,2,2,0,0,4,0,0,0,0,0,0,0,0,0,3,0,0,0,2,2,0,1,0,0,0,0,0,0,0,0,1.488,3.556,9.102,0,0,2.601,0,0,0,0,0,0,0,0,0,5.616,0,0,0,1.561,6.385,0,5.194,0,0,0,0,0,0,0,0,0,0,3.327,280.109,-3.967,280.753,3,2,5,11,2,19,19,20,0,0,4,4,19,20,0,1,5,5,2,2,17,0,0,0,0,0,0,0,0,0,1,11,2,0,0,0,2,0,0,0,5,19,0.167,0.198,81.308,59.07,486.454,434.474,297.65,0.64432,13.8281,9.1894,7.70608,1.06903,0,6.4724,12.0055,6.59976,4.36414,0.46349,0,2.92161,1.23735,228.397,310.764,1.68124,60.5247,3.01057,2.47373,2.61712,15.39,13.8327,7.1358,6.03537,3.55555,2.87784,4.39399,19,20,27,6,0,36,0.70871,181.343,212.877,94,3.93965,3.86401,0.76824,0.00031,-276.102,37.2008,0.79294,-1.23302,-0.06431,0.20705,0.14152,0.01463,373.678,-581.062,-30.3017,97.5766,6.89911,0.86534,0.22357,4.40785,0.20977,1.72262,0.13465,471.255,407.796,63.4585,176.098,-273.828,-14.2798,45.9834,3.25124,37.8,3.88,2.58272,33.92,135.973,3.83564,13.4248,79.6287,0.58679,38.8485,0.82679,10.1083,28.6732,0.81045,3.5,219.86
