name,pIC50,ALogP,ALogP_MR,ES_Count_aaaC,ES_Count_aaCH,ES_Count_aaN,ES_Count_aaO,ES_Count_aasC,ES_Count_ddsN,ES_Count_dO,ES_Count_dssC,ES_Count_sCH3,ES_Count_sNH2,ES_Count_sOH,ES_Count_ssCH2,ES_Count_ssNH,ES_Count_ssO,ES_Count_sssCH,ES_Count_sssN,ES_Count_tCH,ES_Count_tsC,ES_Sum_aaaC,ES_Sum_aasC,ES_Sum_dssC,ES_Sum_sCH3,ES_Sum_ssCH2,ES_Sum_sssCH,LogD,Molecular_Mass,Molecular_Solubility,HBA_Count,NPlusO_Count,Num_AtomClasses,Num_Chains,Num_H_Donors_Lipinski,Num_Hydrogens,Num_Rings4,Num_Rings5,Num_Rings6,Num_RotatableBonds,Molecular_FractionalPolarSASA,Molecular_FractionalPolarSurfaceArea,Molecular_PolarSASA,Molecular_PolarSurfaceArea,BIC,CHI_3_C,CHI_3_P,CHI_V_2,CHI_V_3_C,CHI_V_3_P,CIC,IAC_Mean,IAC_Total,IC,JX,Kappa_2,Kappa_3,SIC,Dipole_mag,Dipole_X,Dipole_Y,Dipole_Z,Jurs_DPSA_1,Jurs_DPSA_3,Jurs_FNSA_1,Jurs_FNSA_2,Jurs_FNSA_3,Jurs_FPSA_2,Jurs_FPSA_3,Jurs_PNSA_1,Jurs_PNSA_2,Jurs_PNSA_3,Jurs_PPSA_1,Jurs_PPSA_3,Jurs_RASA,Jurs_RNCG,Jurs_RNCS,Jurs_RPCG,Jurs_RPCS,Jurs_SASA,Jurs_TASA,Jurs_TPSA,Jurs_WNSA_1,Jurs_WNSA_2,Jurs_WNSA_3,Jurs_WPSA_1,Jurs_WPSA_3,Energy,Minimized_Energy,RadOfGyration,Strain_Energy,PMI_X,Shadow_nu,Shadow_Xlength,Shadow_XY,Shadow_XYfrac,Shadow_XZfrac,Shadow_Ylength,Shadow_YZ,Molecular_Volume
CHEMBL1995927,8.05,3.335,79.228,2,2,2,0,4,0,0,0,3,0,0,2,2,1,0,0,0,0,1.488,2.601,0,5.616,1.561,0,3.327,280.109,-3.967,3,5,19,4,2,17,0,0,2,5,0.167,0.198,81.308,59.07,0.64432,1.06903,6.4724,4.36414,0.46349,2.92161,1.23735,1.68124,60.5247,3.01057,2.47373,7.1358,3.55555,0.70871,3.93965,3.86401,0.76824,0.00031,-276.102,37.2008,0.79294,-1.23302,-0.06431,0.14152,0.01463,373.678,-581.062,-30.3017,97.5766,6.89911,0.86534,0.22357,4.40785,0.20977,1.72262,471.255,407.796,63.4585,176.098,-273.828,-14.2798,45.9834,3.25124,37.8,3.88,2.58272,33.92,135.973,3.83564,13.4248,79.6287,0.58679,0.82679,10.1083,28.6732,219.86
CHEMBL3727376,5.74,2.021,106.19,2,2,2,0,4,0,1,1,3,0,0,7,2,2,0,1,0,0,1.461,2.644,0.259,5.217,5.619,0,2.021,373.211,-3.599,5,8,27,5,2,27,0,1,2,9,0.175,0.218,109.303,88.61,0.6625,1.40236,9.56916,6.41172,0.5351,4.5824,1.34313,1.57975,85.3068,3.41175,1.67289,10.6838,5.53846,0.71752,1.06065,0.77584,0.71602,-0.10178,-37.0864,56.4488,0.52987,-1.26348,-0.06886,0.49158,0.02209,328.85,-784.131,-42.7336,291.764,13.7152,0.77951,0.14532,2.61592,0.20492,1.63335,620.614,483.777,136.837,204.089,-486.642,-26.5211,181.073,8.51183,45.51,8.31,3.78176,37.2,261.685,4.82869,18.5437,110.108,0.44503,0.7887,13.3423,39.5379,318.64
CHEMBL3727466,5.89,2.953,98.072,2,6,3,0,5,0,0,0,3,0,0,2,2,2,0,0,0,0,1.458,3.543,0,5.22,1.303,0,2.954,339.17,-4.45,5,7,25,4,2,21,0,0,3,7,0.176,0.222,101.564,81.19,0.62008,1.20412,8.80066,5.32168,0.45004,3.67687,1.45058,1.5908,73.1769,3.19326,1.89807,9.79629,5.04166,0.68763,4.26742,4.19859,0.76334,-7.00E-05,-86.0238,47.0822,0.57655,-1.23835,-0.06112,0.38057,0.02268,323.927,-695.74,-34.3363,237.903,12.7459,0.84172,0.16131,2.83465,0.15994,1.27484,561.83,472.908,88.922,181.992,-390.888,-19.2912,133.661,7.16101,45.09,-4.17,3.3181,49.26,213.246,4.78013,16.2568,99.5978,0.49429,0.83875,12.3945,34.9759,269.59
CHEMBL3727685,5.36,2.967,106.564,2,2,2,0,4,0,0,0,3,0,0,8,2,2,0,1,0,0,1.562,2.87,0,5.303,9.031,0,1.535,359.232,-4.128,4,7,24,4,2,29,0,1,2,9,0.132,0.179,82.4638,71.54,0.62786,1.20412,9.04224,6.47613,0.51686,4.65601,1.5196,1.50496,82.7731,3.18083,1.68444,10.5186,5.5177,0.6767,9.95036,8.35516,5.39695,-0.27184,-226.264,43.3736,0.68581,-1.48494,-0.05425,0.24362,0.01699,417.553,-904.092,-33.0255,191.289,10.3481,0.86004,0.16002,2.81188,0.18492,1.4739,608.842,523.629,85.2127,254.223,-550.449,-20.1073,116.465,6.30038,47.08,10.03,3.57092,37.05,241.239,4.40216,18.402,106.573,0.43955,0.73732,13.1755,39.7775,305.61
CHEMBL3727706,6.76,3.082,108.55,2,2,2,0,4,0,0,0,3,0,0,7,2,1,0,2,0,0,1.506,2.651,0,5.81,7.053,0,2.31,378.193,-3.466,3,7,24,5,2,27,0,0,3,7,0.115,0.159,71.5583,65.55,0.69729,1.56183,9.13565,6.90551,0.84521,4.89376,1.16786,1.59678,84.6294,3.53257,1.65751,9.97229,5.5177,0.75154,10.5543,7.69099,7.22747,-0.07739,-77.3949,39.5095,0.56326,-1.19206,-0.04966,0.32872,0.01493,344.523,-729.122,-30.3717,267.128,9.13771,0.88356,0.16427,2.42901,0.19056,1.47284,611.651,540.435,71.2155,210.728,-445.968,-18.5769,163.389,5.58909,32.71,-3.41,3.59226,36.12,306.681,4.28127,18.121,107.4,0.45371,0.73176,13.0629,40.0207,313.15
CHEMBL3727770,6.72,4.539,87.572,2,5,2,0,5,0,0,0,2,0,0,1,1,1,0,0,0,0,1.512,3.835,0,3.623,0.781,0,4.537,319.055,-5.708,3,4,21,4,1,14,0,1,2,4,0.212,0.239,109.035,75.28,0.71357,1.20511,7.72652,5.75881,0.64026,4.20854,0.85714,1.7961,62.8637,3.53517,2.1488,7.05078,3.3471,0.80485,2.93372,2.80802,-0.84956,0.00059,-272.717,34.2924,0.781,-1.14267,-0.05665,0.14975,0.01402,378.989,-554.488,-27.488,106.272,6.80443,0.91725,0.23762,3.56447,0.19481,1.50571,485.26,445.107,40.1531,183.908,-269.071,-13.3388,51.5694,3.30192,53.2,8.59,2.87069,44.61,150.909,3.7224,13.4006,86.2736,0.645,0.82585,9.98142,29.2004,234.26
CHEMBL3727786,5.68,5.25,93.542,2,6,2,0,6,0,0,0,2,0,0,1,1,1,0,0,0,0,1.417,4.068,0,3.585,0.734,0,5.249,347.059,-6.448,3,4,23,5,1,15,0,0,3,4,0.122,0.139,66.2207,47.04,0.73843,1.49379,8.30364,5.7806,0.7358,3.91054,0.7826,1.69937,64.5761,3.74095,2.16853,7.92,3.9837,0.82699,3.24882,3.23095,-0.34022,0.0004,-307.019,38.4663,0.78901,-1.19818,-0.05953,0.14392,0.01289,419.087,-636.418,-31.6192,112.068,6.84706,0.92442,0.22893,3.5323,0.19448,1.5971,531.155,491.011,40.1442,222.6,-338.037,-16.7947,59.5256,3.63685,44.72,-2.57,3.09935,47.29,254.337,4.09136,14.3199,94.5731,0.56096,0.83179,11.773,33.5235,252.79
CHEMBL3727820,6.62,3.587,97.318,2,6,2,0,6,0,1,1,2,1,0,1,1,1,0,0,0,0,1.29,3.384,-0.493,3.521,0.674,0,3.587,356.104,-5.636,4,6,25,6,3,17,0,0,3,5,0.26,0.25,145.591,90.13,0.74065,1.70511,9.02482,5.77887,0.68908,3.99791,0.79999,1.71266,71.9318,3.84385,2.15949,8.79224,4.46597,0.82772,4.14942,3.98179,1.16748,0.00034,-296.345,58.7305,0.77449,-1.58362,-0.09201,0.20699,0.01679,418.075,-854.843,-49.664,121.729,9.06651,0.75648,0.17005,2.76947,0.26184,2.33994,539.804,408.352,131.452,225.678,-461.448,-26.8088,65.7099,4.89413,45,-3.21,3.32623,48.21,175.184,4.41567,15.4549,99.4874,0.60909,0.82905,10.5686,30.0883,264.79
CHEMBL3727853,6.46,3.506,114.804,2,6,3,0,5,0,0,0,1,0,0,6,1,0,0,2,0,1,1.27,2.839,0,2.155,6.016,0,2.73,407.163,-4.834,3,7,27,5,1,22,0,0,4,5,0.165,0.19,105.102,80.96,0.7045,1.69791,10.6398,7.54726,0.923,5.41009,1.04705,1.55482,79.296,3.81092,1.56723,10.5434,5.62663,0.78446,15.2433,10.7386,-10.8184,0.04244,-113.195,46.1717,0.58482,-1.2015,-0.05454,0.35981,0.01465,390.226,-801.705,-36.3912,277.031,9.78054,0.91641,0.14786,1.00256,0.15501,1.49756,667.256,611.483,55.7731,260.38,-534.943,-24.2823,184.85,6.52613,113.39,-1.29,4.16602,114.68,558.849,4.91124,19.1283,121.466,0.45401,0.78125,13.9864,42.3732,337.51
CHEMBL3727920,6.42,4.571,102.101,2,2,2,0,4,0,0,0,2,0,1,6,2,0,0,0,0,2,1.5,2.785,0,4.038,4.126,0,4.38,346.156,-6.237,2,5,24,4,3,23,0,0,2,9,0.185,0.188,110.779,70.07,0.67841,1.06903,7.6265,5.69193,0.47673,3.68714,1.17769,1.57372,73.9651,3.40726,2.27762,10.8711,6.0464,0.74313,8.11172,-7.54527,2.97809,-0.00023,-428.731,61.6287,0.82713,-1.53312,-0.08427,0.10848,0.00978,542.007,-1004.63,-55.2145,113.276,6.41423,0.8312,0.21381,11.9587,0.22847,2.26248,655.283,544.673,110.61,355.168,-658.315,-36.1811,74.2277,4.20313,150.6,5.44,4.06796,145.16,176.081,6.28311,21.9909,110.714,0.47512,0.8404,10.5961,29.9335,297.38
CHEMBL3727999,5.18,2.754,88.239,2,6,3,0,5,0,0,0,3,0,0,1,1,2,0,0,0,0,1.493,3.743,0,5.234,0.755,0,2.756,310.143,-4.458,5,6,21,4,1,18,0,0,3,5,0.163,0.207,86.477,69.16,0.65033,1.13608,8.29379,4.88294,0.44208,3.46752,1.22889,1.58814,65.1141,3.29466,2.15574,8.39273,3.9837,0.72833,2.77177,2.77021,0.09315,4.00E-05,-8.68566,41.7447,0.50857,-0.92985,-0.05891,0.38656,0.02355,257.458,-470.713,-29.8219,248.772,11.9228,0.83255,0.1895,3.53309,0.16865,1.38498,506.23,421.463,84.7664,130.333,-238.289,-15.0967,125.936,6.03566,46.47,-2.56,2.89446,49.03,172.681,3.95188,13.4375,90.4229,0.61684,0.83006,10.9089,30.5365,245.24
CHEMBL3728035,5.82,4.343,103.031,4,8,3,0,5,0,0,0,2,0,0,1,1,1,0,0,0,0,3.566,3.482,0,3.612,0.732,0,4.378,364.109,-6.875,4,5,26,4,1,17,0,0,4,4,0.14,0.165,80.4463,59.93,0.6934,1.47728,9.90132,6.24201,0.69116,4.50073,1.01017,1.61404,69.4039,3.69026,1.95907,8.56632,3.93816,0.78508,4.30778,3.9482,1.72298,0.00045,-220.048,40.7925,0.70164,-1.22273,-0.05894,0.22081,0.01582,382.837,-667.147,-32.1589,162.789,8.63357,0.89353,0.1995,2.94988,0.17936,1.51621,545.626,487.533,58.0924,208.886,-364.013,-17.5467,88.8217,4.7107,60.66,-1.7,3.22138,62.36,278.105,4.09882,14.3459,102.078,0.57297,0.83179,12.4186,35.5693,270.96
CHEMBL3728093,4.62,2.482,66.75,2,2,2,0,4,0,0,0,3,0,0,0,1,2,0,0,0,0,1.35,2.069,0,4.884,0,0,2.482,253.062,-3.175,4,5,17,4,1,12,0,0,2,3,0.167,0.213,72.2514,56.27,0.58405,1.06903,6.20223,3.66694,0.42962,2.62733,1.42733,1.82942,53.0533,2.66012,2.55647,5.76,2.7128,0.6508,2.22355,-1.86806,-1.20607,0.00033,-83.0593,37.7429,0.6002,-0.9001,-0.06643,0.31802,0.02464,248.746,-373.028,-27.5299,165.687,10.213,0.81235,0.23104,4.30744,0.20879,1.46242,414.433,336.666,77.7674,103.089,-154.595,-11.4093,68.6662,4.23261,29.76,-2.81,2.3478,32.57,99.1478,3.0802,10.7807,68.8233,0.69726,0.81069,9.1557,25.6979,193.45
CHEMBL3728137,5.96,4.57,97.852,2,4,2,0,6,0,1,1,3,0,0,1,1,1,0,0,0,0,1.37,4.009,0.039,5.112,0.711,0,4.57,361.065,-6.054,4,5,24,6,1,16,0,1,2,5,0.243,0.256,135.875,92.35,0.73141,1.70511,8.78324,6.63767,0.9191,4.95657,0.83333,1.81588,72.6354,3.75162,2.1123,8.13148,4.06559,0.81824,1.64961,-0.66413,1.51001,0.00039,-319.729,47.4486,0.7868,-1.34544,-0.07011,0.19305,0.01502,438.559,-749.932,-39.0738,118.831,8.37482,0.84642,0.20333,3.26801,0.18328,1.37233,557.39,471.79,85.6007,244.449,-418.005,-21.7794,66.2352,4.66804,55.92,9.29,3.36079,46.63,231.555,4.56121,16.4204,99.2171,0.52596,0.84147,11.488,33.6259,265.13
CHEMBL3728173,6.2,3.797,92.856,2,2,2,0,4,0,1,1,3,0,0,2,2,1,0,0,0,2,1.289,2.238,-0.623,5.242,1.454,0,3.596,332.104,-5.481,4,6,23,5,2,17,0,0,2,7,0.196,0.218,108.147,76.14,0.70369,1.35771,7.67521,4.95103,0.5184,3.23882,0.98934,1.73475,69.3902,3.53421,2.43794,9.4746,5.23497,0.78129,9.86186,9.7158,-1.69103,0.00039,-324.184,57.5257,0.76565,-1.40804,-0.07602,0.22698,0.01826,467.167,-859.116,-46.3819,142.984,11.1438,0.78707,0.168,3.96016,0.34927,3.37439,610.151,480.233,129.918,285.043,-524.19,-28.3,87.2415,6.79941,153.14,-0.29,3.75307,153.43,210.614,5.46536,19.1288,103.439,0.4819,0.83912,11.2211,32.1157,271.31
CHEMBL3728229,5.93,3.512,69.839,2,2,2,0,4,0,0,0,2,0,0,1,1,1,0,0,0,0,1.327,1.95,0,3.52,0.726,0,3.512,271.028,-4.215,3,4,17,4,1,11,0,0,2,3,0.15,0.177,66.2207,47.04,0.66496,1.13807,6.02005,4.13403,0.53436,2.79837,1.05882,1.84798,51.7435,3.02863,2.49465,5.76,2.8797,0.74095,2.03712,0.34017,-2.00853,0.00037,-226.663,34.1518,0.76384,-0.98488,-0.06297,0.16685,0.01654,328.104,-423.049,-27.0451,101.441,7.10666,0.8836,0.26963,4.04467,0.23509,1.70341,429.545,379.549,49.9954,140.935,-181.718,-11.6171,43.5734,3.05263,28.56,-2.6,2.51063,31.16,110.795,3.66941,12.8434,71.5484,0.64865,0.82393,8.58825,23.9236,194.82
CHEMBL3728250,6.89,3.419,96.936,2,6,3,0,5,0,0,0,2,0,0,2,2,1,0,0,0,0,1.426,3.521,0,3.591,1.349,0,3.418,343.12,-5.208,4,6,24,4,2,18,0,0,3,6,0.17,0.204,95.5336,71.96,0.66697,1.27315,8.48339,5.54864,0.58134,3.76014,1.17769,1.67433,70.3222,3.40726,1.88481,9.08734,4.8034,0.74313,6.19727,5.85192,2.0399,0.00043,-149.913,43.3581,0.63583,-1.19185,-0.06058,0.28041,0.01799,350.863,-657.677,-33.4263,200.95,9.93172,0.85987,0.18547,2.90142,0.18662,1.48743,551.813,474.491,77.3219,193.611,-362.915,-18.4451,110.887,5.48045,44.07,-3.84,3.39153,47.91,217.895,4.63032,16.2061,97.1637,0.52631,0.83739,11.3914,32.3312,260.33
CHEMBL3728435,8.1,3.406,122.22,2,2,2,0,4,0,0,0,2,0,1,9,2,0,0,2,0,2,1.467,2.704,0,4.199,7.393,0,2.627,416.209,-4.769,2,7,27,5,3,29,0,0,3,9,0.148,0.17,101.029,76.55,0.71048,1.56183,9.78975,7.52619,0.85845,5.18621,1.11601,1.57125,91.133,3.74196,1.69475,12.1428,7,0.77027,5.87929,2.56994,-5.28781,0.02353,-161.104,64.3441,0.6081,-1.42442,-0.07322,0.2864,0.01314,453.109,-1061.35,-54.5511,292.005,9.79307,0.82982,0.16877,9.40321,0.19619,1.99017,745.114,618.315,126.799,337.618,-790.829,-40.6468,217.577,7.29695,159.82,45.68,4.39418,114.14,423.498,6.05233,23.2474,131.367,0.39363,0.77905,14.3555,43.04,369.41
CHEMBL3728456,6.15,2.738,98.595,2,6,3,0,5,0,0,0,3,0,0,2,2,2,0,0,0,0,1.466,3.706,0,5.225,1.355,0,2.742,339.17,-4.492,5,7,25,4,2,21,0,0,3,7,0.176,0.221,101.564,81.19,0.62008,1.20412,8.80066,5.36188,0.4766,3.69652,1.45058,1.5908,73.1769,3.19326,1.89885,9.79629,5.04166,0.68763,5.32078,4.94232,1.97083,0.00024,-29.7791,47.9392,0.52646,-1.11899,-0.06196,0.40687,0.02326,296.183,-629.523,-34.8531,266.403,13.0862,0.826,0.16301,2.86449,0.16724,1.33301,562.586,464.696,97.8895,166.628,-354.161,-19.6078,149.875,7.36209,45.06,-3.94,3.32231,49,214.946,4.78572,16.2835,99.9556,0.49341,0.83875,12.4407,34.864,268.56
CHEMBL3728634,6.6,3.648,104.905,2,2,2,0,4,0,0,0,2,0,0,8,2,1,0,1,0,0,1.522,2.69,0,3.646,9.016,0,2.195,363.183,-4.848,3,6,23,4,2,26,0,1,2,8,0.125,0.162,76.4331,62.31,0.67367,1.27315,8.72497,6.66289,0.6216,4.71964,1.26039,1.57674,80.414,3.38346,1.66049,9.79629,5.25848,0.72858,10.4272,8.8385,5.52539,-0.2783,-344.224,38.9108,0.78696,-1.50643,-0.05274,0.14618,0.01214,471.992,-903.494,-31.6256,127.767,7.28524,0.89221,0.18162,2.76332,0.20896,1.61503,599.759,535.114,64.6451,283.081,-541.879,-18.9677,76.6296,4.36938,45.86,10.04,3.63926,35.82,250.83,4.37227,18.3126,104.271,0.46072,0.74016,12.3585,37.569,294.29
CHEMBL3728706,6.08,3.201,102.772,2,6,3,0,5,0,0,0,3,0,0,3,2,2,0,0,0,0,1.484,3.721,0,5.24,2.267,0,3.202,353.185,-4.887,5,7,26,4,2,23,0,0,3,8,0.168,0.211,101.564,81.19,0.63694,1.20412,9.04224,5.6449,0.45004,3.9135,1.39479,1.5665,76.7586,3.30564,1.79858,10.5186,5.5177,0.70326,5.40552,4.30531,3.26864,0.00027,-66.5599,47.284,0.55602,-1.19886,-0.05977,0.37786,0.01983,330.306,-712.181,-35.5029,263.747,11.7811,0.84404,0.16069,2.89262,0.16849,1.34295,594.053,501.408,92.6447,196.22,-423.073,-21.0906,156.679,6.99861,46.08,-3.73,3.51099,49.81,274.983,5.06981,17.2441,104.771,0.44962,0.83908,13.5128,38.2261,282.28
CHEMBL3728714,6.24,4.768,100.818,2,2,2,0,4,0,0,0,2,0,0,5,2,0,0,0,0,3,1.477,2.734,0,4.028,3.487,0,4.577,341.141,-6.673,2,5,24,4,2,20,0,0,2,8,0.197,0.198,115.714,73.63,0.70176,1.06903,7.6265,5.52289,0.47673,3.56761,1,1.52518,67.1081,3.58496,2.30067,10.8711,6.0464,0.78189,3.85357,3.70877,1.04644,-0.00018,-370.963,51.1049,0.78464,-1.26781,-0.06632,0.14716,0.0121,511.289,-826.119,-43.2139,140.327,7.89103,0.91642,0.16746,2.34414,0.20977,2.07733,651.616,597.155,54.4608,333.164,-538.312,-28.1588,91.4391,5.14192,144.52,15.79,4.08783,128.73,260.877,6.04476,21.1567,110.367,0.41988,0.84276,12.424,35.8149,286.4
CHEMBL3728895,5.77,4.927,137.071,2,5,3,0,6,0,1,1,5,0,0,5,1,2,0,2,0,0,1.368,4.11,-0.274,9.207,3.242,0,4.927,498.215,-5.898,6,9,31,9,1,31,0,0,4,7,0.14,0.173,103.566,92.71,0.71571,3.50148,12.3654,9.69332,1.9778,5.85406,1.14285,1.65134,108.989,3.98642,1.46453,12.24,7.1053,0.77718,1.67823,1.37628,0.95898,0.0518,-232.071,54.4236,0.65463,-1.79068,-0.05397,0.45962,0.01855,491.229,-1343.7,-40.4967,259.158,13.9269,0.86959,0.12711,2.04295,0.26583,1.79774,750.387,652.535,97.8517,368.612,-1008.29,-30.3882,194.468,10.4506,64.11,9.4,5.30529,54.71,263.627,3.87975,22.8878,136.275,0.49379,0.5826,12.0576,42.4846,395.82
CHEMBL3728942,5.2,2.831,71.498,2,2,2,0,4,0,0,0,3,0,0,1,1,2,0,0,0,0,1.368,2.13,0,5.125,0.729,0,2.831,267.077,-3.538,4,5,18,4,1,14,0,0,2,4,0.158,0.201,72.2514,56.27,0.64466,1.06903,6.33732,3.94727,0.42962,2.73475,1.19498,1.77883,56.9226,2.97493,2.48548,6.43787,3.13469,0.71342,1.98681,-1.11988,-1.64114,9.00E-05,-110.319,38.9331,0.62501,-0.96277,-0.06513,0.29838,0.02311,275.765,-424.781,-28.7352,165.445,10.1979,0.83861,0.22493,4.19351,0.20873,1.51245,441.21,370.004,71.2059,121.67,-187.418,-12.6783,72.9962,4.49941,29.53,-2.97,2.47173,32.5,117.561,3.56377,12.4732,73.7797,0.66384,0.8201,8.9103,24.9489,202.71
CHEMBL3729062,5.85,4.771,102.659,4,8,3,0,5,0,0,0,2,0,0,1,1,1,0,0,0,0,3.391,3.571,0,3.616,0.737,0,4.773,364.109,-6.835,4,5,26,4,1,17,0,0,4,4,0.14,0.166,80.4463,59.93,0.6934,1.47728,9.90132,6.20948,0.67237,4.4782,1.01017,1.61404,69.4039,3.69026,1.95979,8.56632,3.93816,0.78508,3.82798,3.72052,0.90063,0.00048,-231.328,38.6205,0.71229,-1.24022,-0.05567,0.21796,0.01522,388.078,-675.704,-30.328,156.75,8.29253,0.9006,0.19967,2.9524,0.17515,1.48062,544.829,490.673,54.1554,211.436,-368.143,-16.5236,85.4022,4.518,58.04,-1.74,3.21969,59.78,272.903,4.11695,14.4094,101.982,0.57821,0.83257,12.2402,35.0096,267.53
CHEMBL3729175,7.72,4.764,93.717,2,2,2,0,4,0,0,0,2,0,0,4,2,0,1,0,0,2,1.585,2.979,0,4.07,3.987,0.547,4.563,314.13,-6.111,2,4,21,4,2,19,0,0,2,6,0.14,0.155,75.2773,49.84,0.7133,1.27315,7.30198,5.75306,0.62107,3.45383,0.90909,1.49907,61.4621,3.55034,1.99797,7.71349,4.52111,0.79614,2.32973,2.18802,-0.80015,0.00114,-482.561,40.0553,0.90609,-1.32371,-0.05918,0.05594,0.00823,538.353,-786.473,-35.1605,55.7925,4.89484,0.90944,0.18521,2.55207,0.24064,2.15053,594.146,540.341,53.8047,319.86,-467.279,-20.8905,33.1489,2.90825,206.1,26.99,3.44312,179.11,188.262,5.20425,18.2149,99.574,0.51549,0.84178,10.6045,30.2426,265.82
CHEMBL3729183,5.99,4.564,98.978,2,5,2,1,5,0,0,0,2,0,0,2,2,0,0,0,0,2,1.472,3.501,0,4.036,1.527,0,4.551,340.109,-6.693,3,5,24,4,2,17,0,1,2,6,0.162,0.18,92.0161,62.98,0.69342,1.27315,8.36848,5.47147,0.56006,3.61688,1,1.63692,67.1141,3.58496,1.99651,9.08734,4.8034,0.78189,3.0651,3.04874,-0.31624,0.00044,-349.904,48.5893,0.78221,-1.32171,-0.0632,0.15963,0.01518,484.917,-819.363,-39.1739,135.013,9.4154,0.86966,0.19201,5.26696,0.19561,1.74814,619.93,539.133,80.7967,300.615,-507.948,-24.285,83.6987,5.83689,173.39,17.99,3.97321,155.4,200.435,5.48569,19.1999,105.165,0.4933,0.84027,11.1034,31.6139,273.37
CHEMBL3729424,6.57,4.884,90.971,2,2,2,0,4,0,0,0,3,0,0,3,2,0,0,0,0,2,1.552,2.897,0,6.062,2.364,0,4.693,302.13,-5.957,2,4,21,4,2,19,0,0,2,6,0.141,0.152,75.2773,49.84,0.69716,1.06903,6.8765,4.86477,0.47673,3.15403,0.98832,1.50416,60.1665,3.40398,2.49683,8.58501,4.48753,0.77498,2.29034,2.07198,0.97598,0.00069,-407.293,38.9706,0.85843,-1.23853,-0.06026,0.08231,0.00833,487.721,-703.668,-34.2353,80.4282,4.73527,0.90337,0.18753,2.74819,0.24657,2.44172,568.149,513.251,54.8983,277.098,-399.788,-19.4508,45.6952,2.69034,125.25,-0.45,3.17442,125.7,188.236,4.84643,16.9625,95.7008,0.53071,0.8379,10.6307,30.3171,255.87
CHEMBL3729537,6.05,5.797,100.173,2,2,2,0,4,0,0,0,3,0,0,5,2,0,0,0,0,2,1.568,2.936,0,6.224,4.709,0,5.605,330.161,-6.96,2,4,23,4,2,23,0,0,2,8,0.129,0.137,75.2773,49.84,0.67941,1.06903,7.3765,5.61478,0.47673,3.63258,1.14194,1.45615,66.9833,3.38162,2.36264,10.0957,5.5,0.74755,1.92639,-1.30794,-1.41432,0.00045,-475.767,43.2136,0.8768,-1.36019,-0.0606,0.07198,0.00785,553.539,-858.701,-38.2554,77.7714,4.9582,0.91442,0.17441,2.36519,0.24537,2.19282,631.31,577.287,54.0234,349.455,-542.106,-24.1511,49.0979,3.13016,143.04,3.2,3.69616,139.84,175.951,5.90961,20.6836,106.829,0.48682,0.84775,10.6093,30.0271,287.43
CHEMBL3729640,6.13,3.059,103.349,2,6,3,0,5,0,0,0,3,0,0,3,2,2,0,0,0,0,1.494,3.934,0,5.246,2.377,0,3.065,353.185,-4.962,5,7,24,4,2,23,0,0,3,8,0.168,0.211,101.564,81.19,0.63694,1.20412,9.04224,5.67929,0.4766,3.96924,1.39479,1.5665,76.7586,3.30564,1.79948,10.5186,5.5177,0.70326,6.63922,5.1496,4.19057,0.00029,-63.9975,48.7373,0.55423,-1.19487,-0.06148,0.37103,0.02112,327.02,-705.019,-36.2742,263.022,12.4631,0.82481,0.16071,2.85849,0.17228,1.37318,590.042,486.675,103.366,192.955,-415.99,-21.4033,155.194,7.35372,46.13,-3.33,3.51135,49.46,277.067,5.06619,17.2298,104.661,0.44878,0.83908,13.5353,38.4358,281.25
CHEMBL3729776,7.39,3.835,83.51,2,2,2,0,4,0,0,0,1,0,1,3,1,0,0,0,0,2,1.289,2.003,0,1.954,1.137,0,3.835,309.044,-5.527,2,4,20,4,2,13,0,0,2,5,0.19,0.19,95.6915,58.04,0.68735,1.13807,6.67414,4.75471,0.5476,3.09081,1,1.76671,58.3014,3.32192,2.41604,7.85204,4.25,0.76862,8.10826,-6.83866,4.35623,-0.00107,-316.836,57.4543,0.7905,-1.19796,-0.09137,0.14343,0.01398,431.078,-653.267,-49.8255,114.242,7.62883,0.81721,0.26086,14.5344,0.24259,1.93357,545.319,445.641,99.6783,235.075,-356.239,-27.1708,62.2983,4.16015,110.9,7.81,3.56162,103.09,146.753,5.11649,17.9084,90.5683,0.52108,0.8358,9.70524,27.4222,236.66
CHEMBL3730091,7.44,3.153,151.542,2,2,2,0,4,0,0,0,2,0,1,14,2,0,0,4,0,2,1.485,2.754,0,4.351,12.764,0,0.82,514.294,-4.193,2,9,32,6,3,39,0,0,4,11,0.111,0.147,91.2794,83.03,0.64261,2.05463,12.453,10.0676,1.24017,7.15836,1.61039,1.53092,114.819,3.55953,1.41299,14.963,9.02911,0.6885,6.08916,5.96892,1.20346,0.03862,42.6139,68.4458,0.47634,-1.38318,-0.06283,0.41892,0.01315,429.087,-1245.95,-56.5933,471.701,11.8525,0.84005,0.13614,7.58539,0.17929,1.81877,900.787,756.709,144.078,386.516,-1122.34,-50.9785,424.902,10.6766,178.76,11.85,4.82976,166.91,1631,5.65149,21.8668,161.878,0.373,0.80636,19.847,61.0496,466.13
CHEMBL3730264,4.78,2.687,103.418,2,2,2,0,4,0,0,0,3,0,0,6,1,2,0,2,0,0,1.525,2.737,0,5.395,6.295,0,1.916,409.111,-3.459,4,7,23,5,1,24,0,0,3,6,0.104,0.158,62.5016,62.75,0.6828,1.56183,9.00057,6.88176,0.90415,4.99627,1.21458,1.67316,81.9852,3.42927,1.61086,9.27392,5.04166,0.73845,10.6962,5.14061,-9.37989,-0.02161,66.1759,39.5208,0.44362,-0.91995,-0.04729,0.46563,0.02005,260.368,-539.926,-27.7501,326.543,11.7707,0.85709,0.16708,3.25821,0.17106,1.07424,586.911,503.037,83.8738,152.813,-316.889,-16.2869,191.652,6.90835,31.63,-2.89,3.65228,34.52,344.855,4.30761,18.3179,103.183,0.47663,0.73171,11.8183,36.5501,298.75
CHEMBL3730340,5.6,2.305,76.139,2,2,2,0,4,0,0,0,4,0,0,1,2,2,0,0,0,0,1.51,2.72,0,7.032,0.779,0,2.305,262.143,-2.906,4,6,19,4,2,18,0,0,2,5,0.183,0.231,87.3387,68.3,0.56271,1,6.65459,3.89705,0.35875,2.75057,1.61867,1.61041,59.5854,2.62924,2.50646,7.1358,3.36596,0.61894,1.78054,1.72457,-0.44294,0.00027,-121.364,39.8055,0.63332,-1.11797,-0.06504,0.28324,0.02241,288.259,-508.846,-29.6022,166.895,10.2033,0.81136,0.19627,3.65932,0.1856,1.47933,455.154,369.294,85.86,131.202,-231.603,-13.4735,75.9627,4.64408,32.42,-3.43,2.40365,35.85,121.742,3.72535,12.6676,77.1735,0.60753,0.82638,10.0277,27.6349,211.63
CHEMBL3730386,8.3,3.658,92.899,2,2,2,0,4,0,0,0,2,0,1,4,2,0,0,0,0,2,1.449,2.654,0,4.017,1.975,0,3.467,318.125,-5.278,2,5,22,4,3,19,0,0,2,7,0.201,0.207,110.779,70.07,0.66229,1.06903,7.1265,4.98483,0.47673,3.21405,1.19384,1.6329,66.949,3.26558,2.42819,9.33333,4.99671,0.73228,3.33872,-2.57905,2.12028,-0.00082,-361.583,60.525,0.80439,-1.43267,-0.08891,0.12942,0.013,477.758,-850.902,-52.8032,116.174,7.72182,0.81375,0.22196,12.3669,0.2167,2.14589,593.932,483.317,110.614,283.755,-505.378,-31.3615,68.9995,4.58623,139.95,3.54,3.51097,136.41,176.422,5.43944,19.0381,99.7125,0.49286,0.83796,10.6268,30.0764,264.1
CHEMBL3730400,6.66,5.085,104.721,4,7,3,0,5,0,0,0,3,0,0,1,1,1,0,0,0,0,3.439,3.584,0,5.405,0.743,0,5.085,366.125,-6.979,3,5,26,5,1,19,0,1,3,4,0.138,0.139,80.4463,51.97,0.69505,1.74356,10.1322,6.53405,0.8238,4.73605,1.01402,1.59964,71.9842,3.68641,1.88024,8.16326,3.8058,0.78427,7.12396,6.81934,2.0609,0.00014,-338.48,32.7568,0.80029,-1.36214,-0.04607,0.13349,0.01205,451.031,-767.673,-25.9616,112.551,6.79518,0.9272,0.20426,3.06402,0.19847,1.58191,563.582,522.555,41.0279,254.193,-432.647,-14.6315,63.4319,3.82964,72.01,18.36,3.45744,53.65,220.25,4.76865,16.6903,103.574,0.54887,0.83994,11.3062,32.0892,278.51
CHEMBL3730427,5.12,2.838,105.947,2,10,4,0,6,0,0,0,2,0,0,1,1,2,0,0,0,0,1.431,4.617,0,3.203,0.582,0,2.843,373.154,-5.685,6,7,26,4,1,19,0,0,4,6,0.166,0.211,100.703,82.05,0.59645,1.3402,10.3048,6.06744,0.55993,4.30605,1.58088,1.58524,74.5067,3.22647,1.75358,10.3469,5.2016,0.67115,5.60974,5.26653,-1.93205,-3.00E-05,105.486,49.5437,0.40844,-0.87725,-0.06079,0.51649,0.02521,235.308,-505.383,-35.0199,340.793,14.5237,0.80997,0.16132,3.07674,0.15231,1.21404,576.101,466.629,109.473,135.561,-291.152,-20.175,196.332,8.36715,58.73,-3.39,3.54034,62.12,318.72,4.68457,15.9289,108.07,0.56516,0.84166,12.0045,33.6069,281.94
CHEMBL3730455,7.18,3.235,87.321,2,4,4,0,5,0,0,0,3,0,0,1,1,1,0,0,0,0,1.392,3.225,0,5.188,0.727,0,3.235,317.104,-4.802,4,6,22,5,1,16,0,1,2,4,0.181,0.197,94.672,64.86,0.72824,1.49379,8.06206,5.23649,0.66229,3.5557,0.81818,1.716,65.2082,3.64124,2.13812,7.26643,3.59168,0.81652,3.47133,3.45869,-0.29603,2.00E-05,-47.7482,36.0383,0.54739,-0.89019,-0.05222,0.34115,0.01932,275.749,-448.431,-26.3036,228.001,9.7347,0.86863,0.21378,3.25267,0.17613,1.40389,503.75,437.574,66.1761,138.908,-225.897,-13.2505,114.855,4.90385,57.37,15.12,2.93999,42.25,160.36,4.12892,14.4512,88.7316,0.62,0.83105,9.90333,28.0375,238.72
CHEMBL3730512,6.44,3.109,74.459,2,2,2,0,4,0,0,0,2,0,1,2,2,0,0,0,0,0,1.254,1.648,0,3.978,1.502,0,2.555,266.093,-3.301,2,5,18,4,3,15,0,0,2,4,0.24,0.256,110.779,70.07,0.63876,1.13807,6.18373,4.18101,0.46911,2.72399,1.22222,1.72248,56.8421,2.9477,2.48794,6.43787,3.32179,0.70689,2.17558,1.99148,0.87588,-5.00E-05,-370.545,44.972,0.90973,-1.42542,-0.0895,0.05756,0.00995,411.363,-644.545,-40.4696,40.8179,4.50249,0.80374,0.22928,10.3179,0.22485,1.79219,452.181,363.436,88.745,186.011,-291.451,-18.2996,18.4571,2.03594,30.77,-2.75,2.50596,33.52,125.524,3.65042,12.7765,74.5868,0.57904,0.82291,10.0818,28.4443,202.71
CHEMBL3730580,5.8,4.143,104.043,2,5,2,0,7,0,1,1,2,0,0,1,1,2,0,0,0,0,1.3,4.033,-0.107,3.535,0.674,0,4.143,381.088,-5.947,5,6,27,5,1,16,0,0,4,4,0.171,0.2,99.0906,73.34,0.74649,1.74356,10.3806,6.3296,0.73684,4.51027,0.76869,1.70653,73.3811,3.98618,1.84361,8.78853,4.15999,0.83833,3.06734,-2.69567,-1.46354,0.0002,-173.783,53.4872,0.65195,-1.28387,-0.07387,0.36036,0.01967,372.8,-734.138,-42.2356,199.018,11.2517,0.81543,0.17656,2.79992,0.18352,1.32975,571.818,466.279,105.539,213.174,-419.793,-24.1511,113.802,6.4339,50.28,-2.44,3.94932,52.72,265.778,4.69331,16.4266,105.121,0.53654,0.84069,11.9271,33.9371,278.85
CHEMBL3730838,6.71,3.145,113.415,2,2,2,0,4,0,0,0,3,0,0,8,2,1,0,2,0,0,1.513,2.669,0,5.828,8.399,0,2.328,392.209,-3.947,3,7,25,5,2,29,0,0,3,8,0.111,0.153,71.5583,65.55,0.69613,1.56183,9.38565,7.25906,0.84521,5.11685,1.19868,1.57339,88.11,3.5562,1.58258,10.6838,5.99039,0.7479,13.533,11.2075,7.58505,-0.01254,-151.057,40.1887,0.6182,-1.32708,-0.04946,0.27858,0.01344,394.999,-847.921,-31.5979,243.941,8.59084,0.88513,0.16195,2.46412,0.19651,1.56628,638.94,565.546,73.3938,252.38,-541.771,-20.1892,155.864,5.48903,32.28,-3.31,4.03677,35.59,258.173,4.72844,20.3809,112.059,0.4393,0.72103,12.5156,38.338,320.36
CHEMBL3731002,7.8,3.468,127.086,2,2,2,0,4,0,0,0,2,0,1,10,2,0,0,2,0,2,1.474,2.723,0,4.215,8.73,0,1.549,430.225,-5.247,2,7,28,5,3,31,0,0,3,10,0.142,0.163,101.029,76.55,0.70919,1.56183,10.0398,7.87975,0.85845,5.40929,1.14548,1.55045,94.5776,3.7614,1.62875,12.8889,7.53577,0.76655,8.89545,6.63772,-5.92197,-0.00115,-245.297,64.8264,0.65821,-1.56175,-0.07179,0.24192,0.01183,510.252,-1210.67,-55.6514,264.954,9.17491,0.8353,0.16661,9.28305,0.20256,2.05485,775.206,647.532,127.674,395.55,-938.521,-43.1413,205.394,7.11245,161.37,51.43,4.85141,109.94,322.056,6.95724,26.7789,136.074,0.39703,0.77985,12.7982,38.139,391.7
CHEMBL3731055,6.22,2.578,96.52,2,2,4,1,6,0,0,0,2,0,1,4,2,0,0,0,0,0,1.343,3.143,0,3.994,1.709,0,2.565,362.126,-4.627,5,8,25,5,3,19,0,1,2,7,0.269,0.296,155.969,108.99,0.68494,1.40924,8.72782,5.69477,0.59128,3.78885,1.13058,1.7726,77.9946,3.51326,1.98516,9.27392,4.64639,0.75654,3.04782,2.40666,1.87008,0.00078,-335.412,63.3161,0.79462,-1.6945,-0.0945,0.21028,0.01673,452.311,-964.524,-53.7886,116.899,9.52745,0.79907,0.18564,10.0249,0.18604,1.52777,569.21,454.842,114.368,257.46,-549.017,-30.617,66.5399,5.42312,59.27,14.43,3.45387,44.84,207.093,5.23545,18.3241,100.719,0.49398,0.83695,11.127,31.681,272.68
CHEMBL3731151,5.33,2.94,74.097,2,2,2,0,4,0,0,0,3,0,0,1,1,2,0,0,0,0,1.507,2.688,0,5.201,0.783,0,2.94,311.027,-3.907,4,5,18,4,1,14,0,0,2,4,0.154,0.197,72.2514,56.27,0.64466,1.06903,6.33732,4.34039,0.52242,3.02411,1.19498,1.77883,56.9226,2.97493,2.49128,6.43787,3.13469,0.71342,1.99381,-1.06978,-1.68253,0.00016,-117.458,36.2041,0.63127,-0.95473,-0.05875,0.28309,0.02218,282.42,-427.127,-26.2799,164.962,9.92426,0.84475,0.22909,4.27113,0.18647,1.26107,447.383,377.927,69.4561,126.35,-191.089,-11.7572,73.8013,4.43994,29.58,-3.05,2.48108,32.63,142.069,3.18739,11.7933,75.2849,0.63932,0.80017,9.98507,29.3225,206.48
CHEMBL3731165,5.7,6.104,113.874,2,11,2,0,7,0,0,0,2,0,0,1,1,1,0,0,0,0,1.461,5.903,0,3.636,0.741,0,6.104,389.129,-8.009,3,4,26,5,1,20,0,0,4,5,0.107,0.12,66.2207,47.04,0.63541,1.47728,10.4013,6.74542,0.69116,4.84437,1.37016,1.51755,72.8428,3.43719,1.92183,9.87128,4.69444,0.71498,6.33174,4.49034,4.46405,0.00022,-358.321,39.1358,0.81199,-1.45647,-0.05639,0.1218,0.01176,466.283,-836.371,-32.3777,107.962,6.75811,0.94186,0.19382,2.82438,0.20481,1.78082,574.245,540.863,33.3816,267.761,-480.282,-18.5927,61.9968,3.88081,81.95,8.21,3.15896,73.74,392.123,4.14853,14.5199,111.631,0.54659,0.83257,14.0656,40.6779,297.72
CHEMBL3731179,7.18,3.746,92.896,2,2,2,0,4,0,0,0,3,0,0,3,2,1,0,0,0,2,1.489,2.74,0,5.64,1.904,0,3.555,318.125,-5.542,3,5,22,4,2,19,0,0,2,7,0.147,0.171,81.308,59.07,0.66229,1.06903,7.1265,4.94423,0.47673,3.19376,1.19384,1.6329,66.949,3.26558,2.41901,9.33333,4.99671,0.73228,2.18733,2.16265,0.32768,0.00021,-294.635,50.0031,0.74635,-1.29053,-0.06541,0.18243,0.01821,446.313,-771.726,-39.1104,151.678,10.8927,0.86844,0.2151,5.25481,0.19934,1.78147,597.992,519.32,78.6714,266.892,-461.486,-23.3877,90.7025,6.51377,138.49,0.7,3.50558,137.79,175.357,5.46914,19.142,100.375,0.49344,0.83622,10.6268,30.0766,265.48
CHEMBL3731180,6.59,4.383,101.923,2,2,2,0,4,0,1,1,3,0,0,4,2,1,0,0,0,2,1.377,2.484,-0.282,5.73,1.845,0,4.192,360.135,-5.969,4,6,25,5,2,21,0,0,2,9,0.18,0.198,108.147,76.14,0.69954,1.35771,8.16679,5.52546,0.53566,3.57125,1.07019,1.66927,76.7865,3.57366,2.25203,10.9827,6.28231,0.76954,9.65878,9.58953,-1.15455,0.00044,-426.733,62.2507,0.81813,-1.62156,-0.07493,0.17909,0.01788,548.704,-1087.54,-50.253,121.971,11.9977,0.81679,0.15282,3.17668,0.26548,2.62895,670.674,547.805,122.87,368.002,-729.384,-33.7034,81.8027,8.04657,166.81,5.06,4.36811,161.75,186.962,6.40228,22.408,114.679,0.47902,0.84464,10.6837,30.1607,301.15
CHEMBL3731199,5.85,5.18,97.456,4,7,2,1,5,0,0,0,2,0,0,1,1,1,0,0,0,0,3.226,3.057,0,3.588,0.72,0,5.18,353.093,-6.61,4,5,25,4,1,16,0,1,3,4,0.15,0.174,82.9594,60.18,0.64241,1.53845,9.60418,5.98229,0.66467,4.2363,1.26039,1.66327,68.1941,3.38346,1.88095,7.93499,3.70408,0.72858,2.80454,2.80397,0.05629,-0.00017,-302.976,42.3694,0.77796,-1.37864,-0.06256,0.19334,0.01518,423.981,-751.335,-34.0939,121.005,8.27553,0.8897,0.19618,2.98493,0.15478,1.23365,544.985,484.876,60.1088,231.063,-409.466,-18.5806,65.9457,4.51004,67.12,17.88,3.42606,49.24,197.483,4.53322,15.8663,98.1145,0.5743,0.83611,10.7675,30.5522,261.02
CHEMBL3731202,5.24,5.218,108.159,2,6,2,0,6,0,0,0,2,0,1,2,2,0,0,0,0,2,1.419,3.475,0,4.018,1.496,0,5.197,366.125,-6.854,2,5,26,5,3,19,0,0,3,6,0.185,0.187,110.779,70.07,0.7172,1.56183,8.93873,6.00977,0.6346,3.94185,0.92307,1.59964,71.9842,3.77736,1.99183,9.97229,5.5177,0.80361,5.27103,-2.81608,4.45573,0.00012,-541.086,58.7534,0.91329,-1.69905,-0.08183,0.05856,0.00793,597.844,-1112.2,-53.5599,56.7587,5.19355,0.83726,0.19396,10.1836,0.21226,2.10199,654.603,548.078,106.525,391.35,-728.049,-35.0605,37.1544,3.39971,193.24,-0.71,4.33236,193.95,235.814,5.81943,20.368,114.414,0.47989,0.84422,11.7053,33.4076,295.32
CHEMBL3731276,5.72,5.25,93.542,2,6,2,0,6,0,0,0,2,0,0,1,1,1,0,0,0,0,1.432,4.179,0,3.59,0.741,0,5.25,347.059,-6.451,3,4,21,5,1,15,0,0,3,4,0.122,0.139,66.2207,47.04,0.68693,1.49379,8.3872,5.77714,0.7358,3.94702,1.04347,1.69937,64.5761,3.48008,2.14531,7.92,3.9837,0.76932,3.32815,3.31154,-0.3321,0.00048,-306.321,38.1351,0.78847,-1.1958,-0.05887,0.14386,0.01295,418.631,-634.896,-31.255,112.31,6.88012,0.92479,0.22923,3.48779,0.19507,1.60191,530.941,491.011,39.9299,222.268,-337.092,-16.5945,59.6298,3.65293,44.43,-2.5,3.16225,46.93,193.799,4.51928,15.8183,94.5835,0.55136,0.83472,10.8447,30.7501,250.38
CHEMBL3731422,9,3.337,88.145,2,2,2,0,4,0,0,0,2,0,1,3,2,0,0,0,0,2,1.408,2.537,0,4.003,1.303,0,3.146,304.109,-4.877,2,5,21,4,3,17,0,0,2,6,0.211,0.218,110.779,70.07,0.69716,1.06903,6.8765,4.66934,0.47673,3.05631,0.98832,1.6666,63.331,3.40398,2.48791,8.58501,4.48753,0.77498,2.83595,0.8983,2.68992,0.00045,-390.719,60.3071,0.84959,-1.47919,-0.09227,0.10217,0.01565,474.77,-826.601,-51.5611,84.0511,8.74605,0.8009,0.22031,12.417,0.21106,2.09005,558.821,447.564,111.257,265.311,-461.922,-28.8134,46.9695,4.88747,126.77,18.61,3.25092,108.16,191.953,4.81645,16.8576,94.3431,0.52874,0.83856,10.5844,29.8228,250.38
CHEMBL3731442,5.23,2.962,98.517,2,2,2,0,4,0,2,2,2,0,1,5,2,0,0,0,0,0,1.256,2.335,-1.164,3.94,1.293,0,1.302,364.13,-4.688,4,7,25,6,3,21,0,0,2,9,0.281,0.277,164.457,104.21,0.67382,1.76595,7.88996,5.9302,0.67324,3.87801,1.23019,1.7305,79.6034,3.41366,2.24759,10.3641,6.28231,0.73509,5.79894,5.76765,-0.60159,0.00084,-361.014,69.8437,0.8057,-1.7377,-0.10283,0.1946,0.01546,475.739,-1026.05,-60.7126,114.725,9.13116,0.70449,0.15381,6.95501,0.2582,2.55689,590.464,415.979,174.485,280.906,-605.844,-35.8486,67.7409,5.39161,34.76,-1.96,3.49658,36.72,243.842,5.22661,18.2931,104.235,0.46988,0.83876,12.1264,34.6342,282.63
CHEMBL3731538,5.93,5.471,80.339,2,2,2,0,4,0,0,0,2,0,0,2,2,1,0,0,0,0,0.623,0.279,0,3.774,1.221,0,5.464,334.081,-5.182,3,5,20,6,2,14,0,0,2,6,0.16,0.182,81.308,59.07,0.65227,2.62969,6.82259,4.70782,0.57797,2.92738,1.30704,1.99871,71.9537,3.15239,2.38633,7.71349,4.99671,0.7069,11.0455,10.5987,3.10792,-0.11124,-438.446,48.1006,0.92626,-1.75047,-0.08526,0.08692,0.00827,476.365,-900.237,-43.8441,37.9196,4.25654,0.89616,0.14317,1.72232,0.44719,0,514.285,460.885,53.4001,244.988,-462.979,-22.5483,19.5015,2.18907,36.17,-2.26,2.93776,38.43,206.982,2.79264,14.5634,84.1033,0.54561,0.61796,10.5843,34.9845,236.32
CHEMBL3731566,7.38,4.115,97.5,2,2,2,0,4,0,0,0,2,0,1,5,2,0,0,0,0,2,1.478,2.731,0,4.028,2.97,0,3.924,332.14,-5.742,2,5,23,4,3,21,0,0,2,8,0.193,0.197,110.779,70.07,0.67941,1.06903,7.3765,5.33838,0.47673,3.43714,1.14194,1.60203,70.4895,3.38162,2.35579,10.0957,5.5,0.74755,6.42261,-3.36683,5.46941,0.00039,-394.628,59.6297,0.81665,-1.47262,-0.08513,0.1156,0.01056,508.87,-917.606,-53.0454,114.242,6.58432,0.8249,0.21976,12.0087,0.22739,2.25184,623.112,514.007,109.105,317.083,-571.772,-33.0532,71.1855,4.10277,136.39,2.41,3.71752,133.98,233.585,5.74556,20.1095,105.382,0.44026,0.84048,11.9029,33.8682,279.54
CHEMBL3731570,6.68,4.559,119.068,2,9,2,1,7,0,1,1,2,0,0,2,2,1,0,0,0,0,1.294,4.214,-0.204,3.54,0.982,0,4.559,436.13,-7.242,5,7,31,6,2,21,0,1,3,7,0.186,0.205,124.886,89.28,0.70122,1.81161,11.3918,7.17666,0.76452,4.97886,1.08096,1.68052,87.3874,3.87323,1.64233,11.4215,5.92592,0.7818,4.92432,4.8499,0.85291,-2.00E-05,-258.368,56.9973,0.6968,-1.68179,-0.06705,0.3338,0.01978,457.385,-1103.93,-44.0114,199.018,12.9859,0.84322,0.14406,2.25361,0.22096,1.76115,656.403,553.493,102.91,300.229,-724.623,-28.8892,130.636,8.52399,68.7,12.72,4.60836,55.98,187.858,5.86738,20.5359,122.879,0.56658,0.84627,10.5609,30.0664,321.04
CHEMBL3731664,7.82,3.314,96.211,2,6,3,0,5,0,0,0,1,0,0,2,2,0,0,0,0,1,1.257,3.065,0,1.988,1.288,0,3.178,338.105,-5.448,3,6,24,4,2,15,0,0,3,5,0.236,0.25,129.939,86.52,0.6947,1.27315,8.48339,5.50574,0.59458,3.71317,0.97957,1.60335,62.5307,3.60538,1.91959,9.08734,4.8034,0.78635,9.79995,9.46153,2.5531,0.00138,-258.633,51.5593,0.72282,-1.25373,-0.07278,0.21952,0.01606,419.489,-727.595,-42.2362,160.856,9.32312,0.87299,0.15599,1.94479,0.18143,1.70906,580.346,506.638,73.708,243.449,-422.257,-24.5116,93.3524,5.41063,103.85,-2.68,3.81258,106.53,236.941,4.93468,17.2714,101.475,0.47089,0.8378,12.4767,35.4663,256.9
CHEMBL3731721,7.11,5.738,103.899,4,7,2,0,5,0,0,0,2,0,0,1,1,1,0,0,0,0,3.941,3.824,0,3.639,0.766,0,5.738,369.07,-7.564,3,4,25,4,1,16,0,1,3,4,0.191,0.21,109.035,75.28,0.64241,1.53845,9.60418,7.06607,0.90037,5.35912,1.26039,1.71205,70.1941,3.38346,1.88418,7.93499,3.70408,0.72858,5.19462,5.15418,0.64694,-0.00026,-325.611,38.129,0.7985,-1.27971,-0.0573,0.14198,0.01261,435.506,-697.952,-31.2475,109.894,6.88149,0.92638,0.21693,3.30058,0.18905,1.50681,545.4,505.251,40.1486,237.525,-380.663,-17.0424,59.9364,3.75316,66.28,10.23,3.47833,56.05,197.613,4.46289,16.0664,100.576,0.58161,0.84015,10.7631,31.4206,269.94
CHEMBL3731820,5.38,2.472,85.848,2,2,2,0,4,0,1,1,3,0,0,2,3,0,0,0,0,0,1.34,2.341,-0.181,5.421,1.487,0,2.258,307.12,-4.204,3,6,21,5,3,18,0,0,2,5,0.226,0.245,117.204,78.94,0.68463,1.47728,6.72218,4.89063,0.57879,3.06489,1.08356,1.69639,66.1594,3.30875,2.44484,8.02222,4.48753,0.7533,3.92443,3.83072,-0.8525,-0.00021,-305.514,47.3376,0.79764,-1.4197,-0.07899,0.16502,0.01324,409.37,-728.624,-40.5377,103.856,6.79991,0.78335,0.15972,1.29262,0.261,2.45857,513.227,402.041,111.186,210.1,-373.949,-20.805,53.3018,3.48989,37.68,0.55,2.75751,37.13,178.846,4.133,14.4655,87.2544,0.60273,0.82343,10.0075,28.3872,237.69
CHEMBL3731887,5.05,3.187,103.286,2,2,2,0,4,0,2,2,3,0,0,5,2,1,0,0,0,0,1.306,2.45,-0.486,5.265,1.758,0,2.986,378.146,-5.035,5,7,26,6,2,23,0,0,2,10,0.22,0.233,134.986,93.21,0.66782,1.64638,8.50233,6.11259,0.66761,4.09594,1.28883,1.69929,83.2653,3.4116,2.18974,11.1111,6.54222,0.7258,8.42516,8.21597,-1.86581,0.0009,-255.308,60.0475,0.70815,-1.51839,-0.07857,0.30625,0.01935,434.279,-931.152,-48.1787,178.971,11.8688,0.78309,0.14893,3.47887,0.24868,2.22235,613.25,480.233,133.018,266.322,-571.029,-29.5456,109.754,7.27854,35.02,-2.12,3.68687,37.14,251.369,5.73602,20.0761,109.093,0.43979,0.84268,12.3557,35.3401,299.09
CHEMBL3731901,6.29,4.842,115.923,2,2,2,0,4,0,0,0,5,0,0,6,2,1,1,1,0,0,1.506,2.658,0,10.245,6.321,0.304,3.743,393.23,-5.786,3,6,25,6,2,32,0,0,2,11,0.115,0.139,76.4331,62.31,0.74297,1.56183,8.98205,7.04831,0.82572,4.96641,0.99092,1.50894,89.0277,3.76396,2.07293,11.87,6.77953,0.79159,12.6411,9.30785,8.54556,0.36717,-435.923,43.832,0.83021,-1.69601,-0.05575,0.11779,0.01065,547.991,-1119.46,-36.7974,112.068,7.03457,0.90803,0.17018,2.66226,0.20703,1.30011,660.059,599.36,60.6993,361.707,-738.912,-24.2885,73.9716,4.64323,35.43,0.23,3.71734,35.2,302.041,3.64195,19.8321,114.373,0.44415,0.61214,12.9844,43.5502,332.02
CHEMBL3731908,5.64,4.353,94.504,2,5,2,0,7,0,0,0,2,0,0,2,1,3,0,0,0,0,1.404,4.817,0,3.587,0.958,0,4.353,357.088,-5.048,5,6,25,4,1,16,0,1,3,4,0.141,0.19,78.2821,65.5,0.68858,1.53845,9.65693,5.90186,0.66467,4.2234,1.07019,1.73393,71.0912,3.57366,1.82458,7.93499,3.70408,0.76954,2.30947,0.45657,-2.2639,0.00011,-199.459,54.4201,0.68468,-1.35132,-0.07109,0.32109,0.02968,369.735,-729.727,-38.3887,170.276,16.0314,0.83438,0.17615,2.64236,0.15573,7.74853,540.011,450.58,89.4314,199.661,-394.061,-20.7304,91.9509,8.65713,61.37,8.28,3.37663,53.09,226.451,4.40948,15.4332,97.9,0.56072,0.83618,11.3129,32.1083,261.7
CHEMBL3731979,6.5,4.527,86.809,2,2,2,0,4,0,0,0,2,0,0,3,2,1,0,0,1,1,1.397,2.387,0,4.01,1.677,0,4.495,304.109,-3.807,3,5,21,4,2,17,0,0,2,6,0.153,0.184,81.308,59.07,0.63864,1.06903,6.8765,4.65282,0.46349,3.0127,1.27404,1.6666,63.331,3.11827,2.3989,8.58501,4.48753,0.70993,2.39212,2.28111,-0.72028,0.00021,-405.905,48.3875,0.86748,-1.50433,-0.07269,0.10027,0.01493,479.088,-830.793,-40.139,73.1824,8.24851,0.88756,0.1913,2.21371,0.18947,1.83055,552.27,490.174,62.0957,264.586,-458.822,-22.1676,40.4165,4.5554,74.05,7.63,3.09491,66.42,190.997,4.7654,16.6789,92.7775,0.53189,0.83664,10.458,29.7735,243.87
CHEMBL3731998,5.32,4.443,101.725,2,2,2,0,4,0,0,0,4,0,1,3,2,0,0,0,0,2,1.405,2.532,0,7.577,2.043,0,4.242,346.156,-6.143,2,5,24,6,3,23,0,0,2,7,0.192,0.184,110.779,70.07,0.68468,2.27614,8.09704,6.08685,1.00248,3.9091,1.14624,1.57372,73.9651,3.43872,2.45901,9.08734,5.49702,0.74999,1.73033,-0.72594,1.19727,-1.01667,-541.194,52.9031,0.92619,-1.69525,-0.07578,0.05148,0.00754,588.05,-1076.32,-48.1128,46.8561,4.7903,0.85784,0.20644,7.29945,0.20552,2.0849,634.906,544.649,90.2565,373.356,-683.362,-30.5471,29.7492,3.04139,171.4,13.42,3.64953,157.98,212.346,3.65147,19.1682,105.935,0.49832,0.62268,11.0904,36.8098,304.58
CHEMBL3732027,7.42,3.23,78.503,2,2,2,0,4,0,0,0,2,0,0,2,2,0,0,0,0,1,1.319,2.172,0,3.983,1.499,0,3.016,275.094,-4.216,2,5,19,4,2,14,0,0,2,4,0.244,0.252,115.714,73.63,0.69029,1.06903,6.47241,4.32125,0.47673,2.87465,0.94736,1.61959,53.4467,3.30055,2.53313,7.1358,3.55555,0.77698,6.18655,6.1822,-0.23183,0.0003,-370.485,43.1457,0.87782,-1.24213,-0.07509,0.08619,0.01291,430.383,-608.992,-36.8134,59.8985,6.33227,0.89694,0.19121,2.42571,0.20323,1.86526,490.282,439.758,50.5239,211.009,-298.578,-18.049,29.3671,3.10459,64.17,-1.92,2.81389,66.09,148.846,3.83432,13.4202,81.7166,0.5763,0.82107,10.5658,30.0028,215.4
CHEMBL3732218,7.04,4.819,111.934,2,9,4,0,6,0,0,0,2,0,0,2,1,1,0,0,0,0,1.378,4.267,0,3.585,1.157,0,4.818,393.136,-6.885,4,6,26,5,1,20,0,1,3,6,0.151,0.163,94.672,64.86,0.70107,1.61336,10.2999,6.746,0.74632,4.67147,1.02696,1.62065,77.7913,3.78039,1.68802,9.87128,5.02378,0.78637,9.09579,8.92574,-1.75057,-0.00846,-212.728,43.2383,0.68528,-1.33699,-0.05761,0.24892,0.01771,393.389,-767.498,-33.0688,180.662,10.1696,0.88891,0.17819,2.71123,0.16785,1.33785,574.051,510.281,63.7702,225.826,-440.583,-18.9832,103.709,5.83785,73.6,17.63,3.80205,55.97,183.505,5.00417,17.5146,111.65,0.6384,0.83459,9.98529,28.153,299.09
CHEMBL3732227,5.96,2.048,92.249,2,2,2,0,4,0,1,1,2,0,1,4,3,0,0,0,0,0,1.249,2.133,-0.308,3.956,1.239,0,1.824,337.131,-3.834,3,7,23,5,4,20,0,0,2,7,0.274,0.283,152.705,99.17,0.66153,1.35771,7.43462,5.23123,0.5489,3.36715,1.26171,1.73669,74.6778,3.26184,2.33634,9.4746,5.23497,0.72107,3.19672,1.72643,2.69044,0.00033,-327.751,64.6695,0.79745,-1.73444,-0.10057,0.18379,0.01681,439.336,-955.536,-55.4051,111.585,9.26432,0.74295,0.18199,9.86699,0.24053,2.26576,550.921,409.31,141.611,242.039,-526.425,-30.5239,61.4746,5.10391,33.84,-3,3.07212,36.84,216.151,4.89809,17.1433,95.6281,0.49041,0.83074,11.3744,32.5157,259.3
CHEMBL3732229,6.9,3.715,92.563,2,2,2,0,4,0,0,0,3,0,1,2,2,0,1,0,0,2,1.404,2.528,0,5.611,1.505,-0.703,3.514,318.125,-5.428,2,5,22,5,3,19,0,0,2,6,0.205,0.206,110.779,70.07,0.72004,1.47728,7.06283,5.15476,0.60583,3.16992,0.90909,1.6329,66.949,3.55034,2.47424,8.74089,4.99671,0.79614,2.80384,0.74401,2.70333,-0.00222,-488.062,57.3439,0.91193,-1.60705,-0.08759,0.0605,0.0092,540.231,-952.015,-51.8879,52.1697,5.45594,0.81833,0.21598,11.3394,0.20867,2.06645,592.401,484.782,107.619,320.033,-563.974,-30.7385,30.9053,3.2321,148.32,5.04,3.41438,143.28,195.932,5.15514,18.043,99.8451,0.51831,0.84249,10.6764,30.2168,266.16
CHEMBL3732267,6.41,2.859,97.923,2,2,2,0,4,0,1,1,2,1,0,3,3,0,0,0,0,2,1.363,2.459,-0.62,3.985,1.622,0,2.668,346.131,-5.437,3,7,24,5,5,19,0,0,2,7,0.294,0.287,169.735,104.96,0.69118,1.47728,7.55442,5.22903,0.53566,3.32826,1.08333,1.7002,73.109,3.50162,2.31302,10.2222,6.0464,0.76372,3.14243,2.97759,1.00441,0.00059,-464.97,76.9272,0.86417,-1.9214,-0.10438,0.12847,0.01612,551.678,-1226.59,-66.6318,86.7079,10.2954,0.6981,0.14076,7.26611,0.31297,3.62842,638.386,445.663,192.723,352.184,-783.038,-42.5368,55.3531,6.57246,155.17,26.97,4.07608,128.2,235.113,5.87088,20.5481,108.073,0.43867,0.83818,11.9896,34.1149,279.2
CHEMBL3732279,5,3.067,113.916,2,6,3,0,5,0,0,0,2,0,0,7,1,2,0,1,0,0,1.527,3.851,0,3.247,8.119,0,1.743,393.216,-5.309,5,7,25,4,1,27,0,1,3,8,0.125,0.172,81.6022,72.4,0.66266,1.3402,10.5464,7.18169,0.6002,5.26555,1.31947,1.51987,85.1128,3.53851,1.57348,11.0395,5.62663,0.72839,10.0775,8.43483,-5.50779,0.27062,-90.0063,44.5249,0.57104,-1.24917,-0.05142,0.33857,0.01887,361.723,-791.274,-32.5681,271.717,11.9568,0.85409,0.15839,2.95293,0.1681,1.38042,633.44,541.019,92.4215,229.13,-501.225,-20.6299,172.116,7.57391,61.1,11.26,3.74554,49.84,381.754,4.37759,18.2841,115.327,0.47974,0.73964,13.1476,40.0961,334.76
CHEMBL3732308,5.36,4.879,99.824,4,7,2,0,5,0,0,0,2,0,0,1,1,1,0,0,0,0,3.64,3.683,0,3.626,0.751,0,4.879,352.109,-6.284,3,5,25,4,2,17,0,1,3,4,0.157,0.18,87.5414,62.83,0.70317,1.47728,9.65132,6.07829,0.67999,4.42747,0.94039,1.62571,68.2798,3.70346,1.94941,7.93499,3.57525,0.79749,5.94542,5.29879,2.69645,0.00058,-294.816,39.1752,0.77658,-1.33851,-0.06058,0.15161,0.01292,413.889,-713.37,-32.2855,119.072,6.8897,0.88485,0.2017,3.02573,0.19553,1.60574,532.961,471.593,61.3687,220.587,-380.198,-17.2069,63.461,3.67194,70.89,17.3,3.12217,53.59,249.618,4.07937,14.2778,98.2225,0.56648,0.83024,12.144,34.6845,262.05
CHEMBL3732324,5.5,4.879,127.854,2,6,2,0,6,0,2,2,2,0,0,4,2,0,0,1,0,2,1.348,3.324,-0.558,3.99,2.007,0,4.688,447.146,-7.268,4,7,27,6,2,22,0,1,3,8,0.182,0.195,124.081,87.22,0.70968,1.86218,11.8866,7.56875,0.79141,5.31585,1.04718,1.64829,89.0077,3.95281,1.4772,11.6202,5.64446,0.79056,13.1076,12.883,-2.41593,-0.00184,-505.053,72.7037,0.82703,-1.97008,-0.0786,0.21464,0.01555,638.617,-1521.25,-60.69,133.564,12.0137,0.79512,0.11383,4.22025,0.20392,2.11793,772.181,613.983,158.198,493.128,-1174.68,-46.8636,103.136,9.27678,219.14,56.14,5.8119,163,238.683,7.17106,25.0987,138.324,0.48886,0.85097,11.2736,32.0736,358.77
CHEMBL3732463,5.7,5.447,104.022,4,7,2,0,5,0,0,0,2,0,0,1,1,1,0,0,0,0,3.91,3.815,0,3.64,0.763,0,5.447,369.07,-7.547,3,4,25,4,1,16,0,1,3,4,0.191,0.21,109.035,75.28,0.70317,1.47728,9.65974,6.89058,0.7846,5.27697,0.94039,1.71205,70.1941,3.70346,1.92666,7.93499,3.57525,0.79749,4.06467,3.76985,1.5198,-0.00011,-321.531,38.0263,0.79462,-1.25532,-0.05723,0.13867,0.01246,433.6,-684.984,-31.2244,112.068,6.80195,0.93524,0.22007,3.34835,0.19655,1.61405,545.668,510.331,35.3368,236.601,-373.774,-17.0381,61.152,3.7116,68.23,10.73,3.22147,57.5,264.929,4.00959,14.4346,101.111,0.57158,0.83417,12.255,36.0284,267.53
CHEMBL3732479,7.27,4.312,96.217,2,2,2,0,4,0,0,0,2,0,0,4,2,0,0,0,0,3,1.45,2.665,0,4.017,2.453,0,4.121,327.125,-6.2,2,5,23,4,2,18,0,0,2,7,0.205,0.208,115.714,73.63,0.68693,1.06903,7.3765,5.16934,0.47673,3.33905,1.04347,1.54888,63.5045,3.48008,2.38256,10.0957,5.5,0.76932,4.7133,4.70593,0.26351,-0.00012,-338.77,51.1011,0.77176,-1.22363,-0.06792,0.16124,0.01407,481.029,-762.674,-42.3298,142.259,8.77129,0.91192,0.17065,2.38887,0.20292,2.00945,623.288,568.39,54.8983,299.82,-475.366,-26.3836,88.6683,5.46704,152.91,5.95,3.92588,146.96,180.317,5.88086,20.583,104.57,0.4803,0.84304,10.5774,29.8805,271.31
CHEMBL3732552,5.57,3.92,97.2,2,2,2,0,4,0,0,0,4,0,1,2,2,0,0,0,0,2,1.396,2.509,0,7.258,1.498,0,3.719,332.14,-5.802,2,5,22,6,3,21,0,0,2,6,0.2,0.192,110.779,70.07,0.66425,2.62969,7.21316,6.01846,1.17394,3.25726,1.21739,1.60203,70.4895,3.30617,2.48049,8.39273,5.5,0.73087,2.94302,1.09777,2.68331,0.50605,-529.445,53.4703,0.92579,-1.64657,-0.07837,0.05157,0.00763,575.577,-1023.68,-48.7206,46.1315,4.74963,0.84271,0.21261,8.83892,0.20627,2.04264,621.708,523.925,97.7833,357.841,-636.431,-30.29,28.6803,2.95288,199.68,9.81,3.56696,189.87,207.374,3.56694,18.4959,101.558,0.4997,0.63771,10.9881,37.2146,284.34
CHEMBL3732578,5,5.494,105.188,4,9,2,0,5,0,0,0,2,0,0,1,1,1,0,0,0,0,3.788,3.724,0,3.636,0.752,0,5.494,363.114,-7.469,3,4,26,4,1,18,0,0,4,4,0.115,0.13,66.2207,47.04,0.6934,1.47728,9.90132,6.36052,0.69116,4.62215,1.01017,1.54915,68.1628,3.69026,1.9676,8.56632,3.93816,0.78508,5.82901,5.22441,2.58513,0.0003,-333.682,36.9784,0.80463,-1.34311,-0.05524,0.12657,0.01228,440.678,-735.584,-30.2523,106.996,6.72607,0.93825,0.20827,3.07965,0.20481,1.73135,547.674,513.86,33.8147,241.348,-402.861,-16.5684,58.599,3.68369,57.32,-1.79,3.19024,59.11,272.857,4.11362,14.3977,102.893,0.5793,0.83333,12.3365,35.2849,271.99
CHEMBL3732615,7.15,2.977,107.824,2,2,2,0,4,0,0,0,2,0,0,7,2,0,0,2,0,1,1.337,2.221,0,4.176,6.893,0,2.189,373.178,-3.707,2,7,24,5,2,24,0,0,3,6,0.174,0.198,105.964,80.11,0.72148,1.56183,9.13565,6.86261,0.85845,4.8468,0.98498,1.54887,77.4436,3.71545,1.68403,9.97229,5.5177,0.79044,14.0182,11.2378,8.3796,0.04065,-171.657,47.9181,0.63256,-1.25016,-0.06085,0.28464,0.01316,409.56,-809.432,-39.3919,237.903,8.5262,0.89291,0.1537,1.00857,0.18515,1.69934,647.463,578.13,69.3337,265.175,-524.077,-25.5048,154.034,5.5204,85.58,0.35,3.96097,85.23,354.2,4.75844,18.5149,112.741,0.42368,0.78225,14.372,42.9503,314.87
CHEMBL3732639,5.98,3.369,94.557,2,2,2,0,4,0,0,0,2,1,0,4,2,0,0,0,0,2,1.505,2.787,0,4.039,2.723,0,2.23,317.141,-5.612,2,5,22,4,4,20,0,0,2,7,0.23,0.221,127.809,75.86,0.66229,1.06903,7.1265,5.0499,0.47673,3.24659,1.19384,1.53402,64.4291,3.26558,2.43169,9.33333,4.99671,0.73228,5.36956,-3.39742,4.1581,0.00123,-363.239,55.552,0.80469,-1.38112,-0.08415,0.11717,0.00904,479.654,-823.243,-50.1579,116.416,5.39414,0.80882,0.19198,11.3373,0.23898,2.36651,596.07,482.118,113.952,285.907,-490.71,-29.8976,69.3918,3.21528,132.25,9.52,3.43582,122.73,209.065,5.40676,18.9237,100.228,0.47239,0.83567,11.2119,32.0513,268.56
CHEMBL3732705,5,3.074,101.036,2,2,2,0,4,0,0,0,2,0,1,6,2,0,1,1,0,0,1.617,3.202,0,4.07,4.508,0.542,3.073,349.167,-3.961,2,6,23,5,3,24,1,0,2,7,0.185,0.202,105.904,73.31,0.70762,1.40924,8.41819,6.4643,0.78504,4.5592,1.0629,1.60297,76.9426,3.52205,1.85388,8.5895,4.23323,0.76817,5.90017,-4.25702,4.04747,0.55475,-320.321,52.34,0.78095,-1.50597,-0.08169,0.13776,0.01013,445.19,-858.488,-46.5644,124.869,5.77568,0.82468,0.20551,11.0098,0.22796,1.76192,570.059,470.118,99.9413,253.785,-489.389,-26.5445,71.1827,3.29248,83.18,44.02,3.16504,39.16,206.564,3.90429,17.7768,98.6903,0.5006,0.68881,11.0899,35.4398,281.25
CHEMBL3732725,7.92,4.478,80.869,2,2,2,0,4,0,0,0,2,0,0,2,2,0,0,0,1,1,1.455,2.591,0,4.02,1.544,0,4.265,274.099,-3.858,2,4,19,4,2,15,0,0,2,4,0.154,0.172,75.2773,49.84,0.69029,1.06903,6.47241,4.35378,0.47673,2.9097,0.94736,1.5608,53.0674,3.30055,2.53964,7.1358,3.55555,0.77698,2.59909,2.53684,-0.56545,0.00027,-412.354,39.2204,0.91574,-1.28974,-0.07033,0.04843,0.00875,454.138,-639.61,-34.878,41.784,4.34239,0.89812,0.19211,2.39505,0.24944,2.22912,495.922,445.398,50.5239,225.217,-317.196,-17.2967,20.7216,2.15348,59.71,-2,2.76762,61.71,146.825,3.88604,13.6011,82.7608,0.57752,0.82608,10.5361,29.9186,216.77
CHEMBL3732814,4.3,2.654,80.887,2,2,2,0,4,0,0,0,4,0,0,2,2,2,0,0,0,0,1.528,2.781,0,7.26,1.567,0,2.654,276.159,-3.268,4,6,10,4,2,20,0,0,2,6,0.174,0.218,87.3387,68.3,0.57571,1,6.78968,4.17738,0.35875,2.85799,1.6,1.57838,63.1356,2.72192,2.4788,7.85204,3.8144,0.62979,2.35302,2.35302,-9.00E-05,0.00021,-149.842,40.9923,0.65522,-1.18333,-0.06381,0.26641,0.02111,316.253,-571.147,-30.7986,166.412,10.1937,0.83567,0.19185,3.28899,0.18555,1.52376,482.665,403.349,79.3162,152.644,-275.673,-14.8654,80.321,4.92014,32.17,-3.16,2.49156,35.33,150.128,3.48723,11.8582,81.4065,0.67908,0.82222,10.1092,28.1597,226.72
CHEMBL3732837,5,2.403,76.207,2,2,2,0,4,0,0,0,2,2,0,2,0,0,0,1,0,0,1.357,2.057,0,4.092,1.645,0,2.325,265.109,-2.971,2,5,16,5,4,16,0,0,2,3,0.321,0.284,145.291,81.06,0.62058,1.34318,6.62174,4.37438,0.60244,3.18052,1.30609,1.59836,54.3445,2.86382,2.53248,5.96982,2.96296,0.68678,0.93013,0.88935,0.27237,-0.00018,-266.678,48.7157,0.80331,-1.22136,-0.10102,0.11181,0.00979,353.145,-536.92,-44.4094,86.4664,4.30636,0.73879,0.19816,9.18842,0.25653,2.23058,439.611,324.784,114.827,155.246,-236.036,-19.5229,38.0116,1.89312,54.97,10.94,2.50037,44.03,90.5103,3.79552,13.4986,75.0112,0.63469,0.82107,8.75535,24.4937,209.91
CHEMBL3732863,6.26,5.377,126.827,2,11,2,0,7,0,1,1,2,0,0,2,2,1,0,0,0,0,1.314,4.667,-0.151,3.555,1.136,0,5.377,446.151,-7.938,4,6,30,6,2,23,0,0,4,7,0.156,0.169,108.147,76.14,0.69147,1.81161,11.6418,7.58289,0.79904,5.27148,1.14859,1.59702,87.8364,3.8514,1.63141,12.1094,6.37207,0.77028,10.9935,10.933,-1.15174,-0.00036,-385.772,53.6296,0.78509,-1.85155,-0.06486,0.20578,0.01441,531.171,-1252.7,-43.8761,145.399,9.7535,0.88305,0.14743,2.30636,0.25398,2.02432,676.57,597.451,79.1187,359.374,-847.539,-29.6853,98.3724,6.59892,60.14,-4.26,4.7768,64.4,193.799,5.9844,20.9454,128.11,0.57897,0.84656,10.5641,30.0757,336.13
CHEMBL3732931,6.25,2.944,89.909,2,2,2,0,4,0,1,1,2,1,0,2,2,0,0,0,0,2,1.28,2.215,-0.711,3.962,1.453,0,2.743,317.104,-5.228,3,6,22,5,4,16,0,0,2,6,0.292,0.281,154.648,92.93,0.69504,1.47728,7.06283,4.8237,0.53566,3.07456,1,1.716,65.2082,3.45943,2.49127,8.74089,4.99671,0.77575,4.70648,4.7034,-0.17018,-0.00038,-475.108,67.4109,0.90725,-1.69054,-0.103,0.07984,0.01257,529.21,-986.11,-60.0776,54.1019,7.33336,0.70438,0.17079,9.75016,0.33136,3.20135,583.312,410.875,172.436,308.694,-575.209,-35.044,31.5583,4.27763,146.86,0.78,3.53489,146.08,193.515,5.08078,17.7827,97.9474,0.51685,0.83458,10.6568,30.1613,253.47
CHEMBL3732943,5.7,4.695,101.688,2,2,2,0,4,0,0,0,3,0,1,4,2,0,1,0,0,2,1.42,2.568,0,6.025,3.035,-0.638,4.494,346.156,-6.19,2,5,24,5,3,23,0,0,2,8,0.188,0.187,110.779,70.07,0.71786,1.35771,7.75976,5.78325,0.56802,3.68975,0.97957,1.57372,73.9651,3.60538,2.3801,10.2222,5.7619,0.78635,3.39086,-2.53596,2.25098,-0.00146,-542.843,59.6745,0.91751,-1.71391,-0.08314,0.0569,0.00866,596.462,-1114.18,-54.0414,53.6188,5.63312,0.84534,0.20359,9.33677,0.20783,2.0581,650.081,549.543,100.538,387.748,-724.307,-35.1313,34.8566,3.66198,158.43,0.39,3.80261,158.04,234.198,5.79262,20.2742,110.506,0.46676,0.84422,11.6773,33.5585,296.35
CHEMBL3732983,7.12,3.029,82.425,2,4,3,0,5,0,0,0,2,0,0,1,1,1,0,0,0,0,1.428,3.396,0,3.582,0.745,0,3.026,303.089,-4.147,4,6,21,4,2,14,0,1,2,4,0.205,0.249,101.767,75.72,0.71357,1.20511,7.72652,4.82079,0.54682,3.34905,0.85714,1.75169,61.3093,3.53517,2.14593,7.05078,3.3471,0.80485,4.23892,4.23889,-0.01428,0.00062,-146.438,42.0258,0.6537,-1.07135,-0.06973,0.25523,0.01849,311.4,-510.348,-33.2159,164.962,8.80989,0.85052,0.21213,3.22755,0.18013,1.43574,476.362,405.156,71.2066,148.339,-243.111,-15.8228,78.5819,4.1967,55.89,14.32,2.83872,41.57,157.761,3.67962,12.8787,83.5172,0.65353,0.82051,9.92277,28.0153,222.6
CHEMBL3733024,6.91,4.036,97.317,2,2,2,0,4,0,0,0,3,0,1,3,2,0,1,0,0,2,1.446,2.647,0,5.721,1.921,-0.455,3.845,332.14,-5.753,2,5,23,5,3,21,0,0,2,7,0.196,0.196,110.779,70.07,0.73413,1.47728,7.30442,5.56437,0.6593,3.37472,0.86956,1.60203,70.4895,3.65399,2.39478,9.4746,5.5,0.80776,3.4681,-2.81588,2.0244,-0.01899,-439.654,59.8885,0.85828,-1.55846,-0.08733,0.09527,0.01028,526.603,-956.197,-53.5787,86.9494,6.3098,0.8225,0.21608,11.6227,0.21326,2.11189,613.553,504.648,108.904,323.099,-586.677,-32.8734,53.3481,3.87139,160.98,11.01,3.63004,149.97,179.911,5.47959,19.1786,104.861,0.51311,0.83564,10.6557,30.235,280.57
CHEMBL3733193,5.34,4.771,102.659,4,8,3,0,5,0,0,0,2,0,0,1,1,1,0,0,0,0,3.435,3.449,0,3.608,0.735,0,4.78,364.109,-6.842,4,5,26,4,1,17,0,0,4,4,0.14,0.165,80.4463,59.93,0.66377,1.53845,9.90693,6.25051,0.6947,4.44131,1.16786,1.61404,69.4039,3.53257,1.88485,8.56632,4.07756,0.75154,5.12693,5.12599,0.09815,0.00025,-256.335,41.1077,0.73301,-1.28386,-0.05969,0.20508,0.01505,403.183,-706.162,-32.8261,146.848,8.28168,0.89121,0.19849,3.02009,0.17278,1.46065,550.031,490.198,59.8333,221.763,-388.411,-18.0554,80.7709,4.55518,55.01,-3.45,3.52427,58.46,188.412,4.62958,16.2036,102.074,0.60834,0.83739,10.355,29.3503,272.34
CHEMBL3733215,6.18,3.697,97.406,2,2,2,0,4,0,0,0,1,0,2,5,1,0,0,0,0,4,1.29,2.237,0,1.962,1.475,0,3.807,343.109,-6.081,2,5,24,4,3,18,0,0,2,8,0.225,0.217,131.193,78.27,0.65066,1.06903,7.6455,5.22988,0.47673,3.31343,1.26102,1.65726,69.6051,3.32393,2.44421,10.8711,6.0464,0.72496,1.5274,0.55672,1.42233,0.00102,-272.866,83.0278,0.7083,-1.41157,-0.10998,0.21939,0.01678,463.914,-924.517,-72.0319,191.047,10.996,0.75713,0.19836,11.0949,0.19986,1.78612,654.961,495.892,159.068,303.845,-605.522,-47.178,125.128,7.20193,174.93,41.31,4.03989,133.62,224.46,6.33265,22.1643,110.117,0.41801,0.83383,11.8851,33.8176,286.74
CHEMBL3733228,5.7,2.738,98.595,2,6,3,0,5,0,0,0,3,0,0,2,2,2,0,0,0,0,1.471,3.769,0,5.228,1.38,0,2.739,339.17,-4.512,5,7,23,4,2,21,0,0,3,7,0.176,0.221,101.564,81.19,0.62008,1.20412,8.80066,5.35607,0.4766,3.72308,1.45058,1.5908,73.1769,3.19326,1.8992,9.79629,5.04166,0.68763,5.65285,5.33248,1.876,0.00024,-22.2278,47.3289,0.51986,-1.10294,-0.06145,0.40999,0.02316,290.805,-616.959,-34.3704,268.577,12.9584,0.82382,0.16331,2.86975,0.16828,1.34128,559.382,460.832,98.5501,162.671,-345.116,-19.2262,150.237,7.24871,44.8,-4.17,3.32006,48.97,212.308,4.73386,16.1094,99.3823,0.4978,0.83676,12.3927,34.9927,267.53
CHEMBL3733318,7.01,3.246,80.09,2,2,2,0,4,1,2,0,2,0,0,2,2,0,0,0,0,0,0.941,1.049,0,3.885,1.368,0,2.791,295.084,-4.156,2,7,20,5,2,14,0,0,2,5,0.31,0.318,148.258,95.66,0.69476,1.37178,6.69991,4.43812,0.50638,2.92069,0.99999,1.85416,63.0416,3.32192,2.50484,7.31985,3.8144,0.76862,8.83805,8.83615,0.18321,-0.00052,-346.611,66.7382,0.86308,-1.77999,-0.12413,0.18477,0.01569,411.964,-849.618,-59.2485,65.353,7.48966,0.72638,0.20862,8.0024,0.42426,1.39192,477.317,346.714,130.603,196.637,-405.537,-28.2803,31.1941,3.57494,34.62,-2.54,2.74209,37.16,148.793,3.7565,13.1478,81.0511,0.61021,0.81818,10.1023,28.5792,215.06
CHEMBL3733323,6.99,3.206,99.188,2,2,2,0,4,0,0,0,2,0,1,5,2,1,0,0,0,2,1.428,2.605,0,4.012,1.993,0,3.015,348.135,-5.252,3,6,24,4,3,21,0,0,2,9,0.197,0.213,116.81,79.3,0.67841,1.06903,7.6265,5.28741,0.47673,3.38711,1.17769,1.67573,75.4078,3.40726,2.26007,10.8711,6.0464,0.74313,4.93924,-0.93837,4.84928,0.00075,-352.688,73.192,0.77059,-1.63166,-0.09222,0.18825,0.02009,502.193,-1063.35,-60.096,149.505,13.096,0.79839,0.18603,10.3654,0.17472,1.73024,651.697,520.31,131.387,327.278,-692.98,-39.1644,97.4318,8.53462,144.73,4.44,4.06641,140.29,250.078,6.24395,21.8538,110.188,0.40821,0.83838,12.3516,35.4057,290.86
